Workbook
Name Name: Summary!$C$2:$C$12

Sheet Find Peripheral
A1: Search | B1: PIN | C1: Name
A2: EPWM7 | B2: {=OFFSET(Summary!$B$1,SMALL(IFERROR(IF(FIND($A$2,Summary!$C$1:$C$217)>=1,ROW(Summary!$B$1:$B$217),),9999),ROW(Summary!1:1))-1,)} -> 1 | C2: {=OFFSET(Summary!$C$1,SMALL(IFERROR(IF(FIND($A$2,Summary!$C$1:$C$217)>=1,ROW(Summary!$C$1:$C$217),),9999),ROW(Summary!1:1))-1,)} -> GPIO28/ SCIA_RX/ EPWM7_A/ OUTPUTXBAR5/ EQEP1_A/ SD1_D3/ EQEP2_STROBE/ LINA_TX/ SPIB_CLK/ ERRORSTS
B3: {=OFFSET(Summary!$B$1,SMALL(IFERROR(IF(FIND($A$2,Summary!$C$1:$C$217)>=1,ROW(Summary!$B$1:$B$217),),9999),ROW(Summary!2:2))-1,)} -> 50 | C3: {=OFFSET(Summary!$C$1,SMALL(IFERROR(IF(FIND($A$2,Summary!$C$1:$C$217)>=1,ROW(Summary!$C$1:$C$217),),9999),ROW(Summary!2:2))-1,)} -> GPIO13/ EPWM7_B/ CANB_RX/ EQEP1_INDEX/ SCIB_RX/ PMBUSA_ALERT/ FSIRXA_CLK
B4: {=OFFSET(Summary!$B$1,SMALL(IFERROR(IF(FIND($A$2,Summary!$C$1:$C$217)>=1,ROW(Summary!$B$1:$B$217),),9999),ROW(Summary!3:3))-1,)} -> 51 | C4: {=OFFSET(Summary!$C$1,SMALL(IFERROR(IF(FIND($A$2,Summary!$C$1:$C$217)>=1,ROW(Summary!$C$1:$C$217),),9999),ROW(Summary!3:3))-1,)} -> GPIO12/ EPWM7_A/ CANB_TX/ EQEP1_STROBE/ SCIB_TX/ PMBUSA_CTL/ FSIRXA_D0
B5: {=OFFSET(Summary!$B$1,SMALL(IFERROR(IF(FIND($A$2,Summary!$C$1:$C$217)>=1,ROW(Summary!$B$1:$B$217),),9999),ROW(Summary!4:4))-1,)} -> 100 | C5: {=OFFSET(Summary!$C$1,SMALL(IFERROR(IF(FIND($A$2,Summary!$C$1:$C$217)>=1,ROW(Summary!$C$1:$C$217),),9999),ROW(Summary!4:4))-1,)} -> GPIO29/ SCIA_TX/ EPWM7_B/ OUTPUTXBAR6/ EQEP1_B/ SD1_C3/ EQEP2_INDEX/ LINA_RX/ SPIB_STE/ ERRORSTS
B6: {=OFFSET(Summary!$B$1,SMALL(IFERROR(IF(FIND($A$2,Summary!$C$1:$C$217)>=1,ROW(Summary!$B$1:$B$217),),9999),ROW(Summary!5:5))-1,)} -> 0 | C6: {=OFFSET(Summary!$C$1,SMALL(IFERROR(IF(FIND($A$2,Summary!$C$1:$C$217)>=1,ROW(Summary!$C$1:$C$217),),9999),ROW(Summary!5:5))-1,)} -> 0
B7: {=OFFSET(Summary!$B$1,SMALL(IFERROR(IF(FIND($A$2,Summary!$C$1:$C$217)>=1,ROW(Summary!$B$1:$B$217),),9999),ROW(Summary!6:6))-1,)} -> 0 | C7: {=OFFSET(Summary!$C$1,SMALL(IFERROR(IF(FIND($A$2,Summary!$C$1:$C$217)>=1,ROW(Summary!$C$1:$C$217),),9999),ROW(Summary!6:6))-1,)} -> 0
B8: {=OFFSET(Summary!$B$1,SMALL(IFERROR(IF(FIND($A$2,Summary!$C$1:$C$217)>=1,ROW(Summary!$B$1:$B$217),),9999),ROW(Summary!7:7))-1,)} -> 0 | C8: {=OFFSET(Summary!$C$1,SMALL(IFERROR(IF(FIND($A$2,Summary!$C$1:$C$217)>=1,ROW(Summary!$C$1:$C$217),),9999),ROW(Summary!7:7))-1,)} -> 0
B9: {=OFFSET(Summary!$B$1,SMALL(IFERROR(IF(FIND($A$2,Summary!$C$1:$C$217)>=1,ROW(Summary!$B$1:$B$217),),9999),ROW(Summary!8:8))-1,)} -> 0 | C9: {=OFFSET(Summary!$C$1,SMALL(IFERROR(IF(FIND($A$2,Summary!$C$1:$C$217)>=1,ROW(Summary!$C$1:$C$217),),9999),ROW(Summary!8:8))-1,)} -> 0
B10: {=OFFSET(Summary!$B$1,SMALL(IFERROR(IF(FIND($A$2,Summary!$C$1:$C$217)>=1,ROW(Summary!$B$1:$B$217),),9999),ROW(Summary!9:9))-1,)} -> 0 | C10: {=OFFSET(Summary!$C$1,SMALL(IFERROR(IF(FIND($A$2,Summary!$C$1:$C$217)>=1,ROW(Summary!$C$1:$C$217),),9999),ROW(Summary!9:9))-1,)} -> 0
B11: {=OFFSET(Summary!$B$1,SMALL(IFERROR(IF(FIND($A$2,Summary!$C$1:$C$217)>=1,ROW(Summary!$B$1:$B$217),),9999),ROW(Summary!10:10))-1,)} -> 0 | C11: {=OFFSET(Summary!$C$1,SMALL(IFERROR(IF(FIND($A$2,Summary!$C$1:$C$217)>=1,ROW(Summary!$C$1:$C$217),),9999),ROW(Summary!10:10))-1,)} -> 0
B12: {=OFFSET(Summary!$B$1,SMALL(IFERROR(IF(FIND($A$2,Summary!$C$1:$C$217)>=1,ROW(Summary!$B$1:$B$217),),9999),ROW(Summary!11:11))-1,)} -> 0 | C12: {=OFFSET(Summary!$C$1,SMALL(IFERROR(IF(FIND($A$2,Summary!$C$1:$C$217)>=1,ROW(Summary!$C$1:$C$217),),9999),ROW(Summary!11:11))-1,)} -> 0
B13: {=OFFSET(Summary!$B$1,SMALL(IFERROR(IF(FIND($A$2,Summary!$C$1:$C$217)>=1,ROW(Summary!$B$1:$B$217),),9999),ROW(Summary!12:12))-1,)} -> 0 | C13: {=OFFSET(Summary!$C$1,SMALL(IFERROR(IF(FIND($A$2,Summary!$C$1:$C$217)>=1,ROW(Summary!$C$1:$C$217),),9999),ROW(Summary!12:12))-1,)} -> 0
B14: {=OFFSET(Summary!$B$1,SMALL(IFERROR(IF(FIND($A$2,Summary!$C$1:$C$217)>=1,ROW(Summary!$B$1:$B$217),),9999),ROW(Summary!13:13))-1,)} -> 0 | C14: {=OFFSET(Summary!$C$1,SMALL(IFERROR(IF(FIND($A$2,Summary!$C$1:$C$217)>=1,ROW(Summary!$C$1:$C$217),),9999),ROW(Summary!13:13))-1,)} -> 0
B15: {=OFFSET(Summary!$B$1,SMALL(IFERROR(IF(FIND($A$2,Summary!$C$1:$C$217)>=1,ROW(Summary!$B$1:$B$217),),9999),ROW(Summary!14:14))-1,)} -> 0 | C15: {=OFFSET(Summary!$C$1,SMALL(IFERROR(IF(FIND($A$2,Summary!$C$1:$C$217)>=1,ROW(Summary!$C$1:$C$217),),9999),ROW(Summary!14:14))-1,)} -> 0
B16: {=OFFSET(Summary!$B$1,SMALL(IFERROR(IF(FIND($A$2,Summary!$C$1:$C$217)>=1,ROW(Summary!$B$1:$B$217),),9999),ROW(Summary!15:15))-1,)} -> 0 | C16: {=OFFSET(Summary!$C$1,SMALL(IFERROR(IF(FIND($A$2,Summary!$C$1:$C$217)>=1,ROW(Summary!$C$1:$C$217),),9999),ROW(Summary!15:15))-1,)} -> 0
B17: {=OFFSET(Summary!$B$1,SMALL(IFERROR(IF(FIND($A$2,Summary!$C$1:$C$217)>=1,ROW(Summary!$B$1:$B$217),),9999),ROW(Summary!16:16))-1,)} -> 0 | C17: {=OFFSET(Summary!$C$1,SMALL(IFERROR(IF(FIND($A$2,Summary!$C$1:$C$217)>=1,ROW(Summary!$C$1:$C$217),),9999),ROW(Summary!16:16))-1,)} -> 0
B18: {=OFFSET(Summary!$B$1,SMALL(IFERROR(IF(FIND($A$2,Summary!$C$1:$C$217)>=1,ROW(Summary!$B$1:$B$217),),9999),ROW(Summary!17:17))-1,)} -> 0 | C18: {=OFFSET(Summary!$C$1,SMALL(IFERROR(IF(FIND($A$2,Summary!$C$1:$C$217)>=1,ROW(Summary!$C$1:$C$217),),9999),ROW(Summary!17:17))-1,)} -> 0
B19: {=OFFSET(Summary!$B$1,SMALL(IFERROR(IF(FIND($A$2,Summary!$C$1:$C$217)>=1,ROW(Summary!$B$1:$B$217),),9999),ROW(Summary!18:18))-1,)} -> 0 | C19: {=OFFSET(Summary!$C$1,SMALL(IFERROR(IF(FIND($A$2,Summary!$C$1:$C$217)>=1,ROW(Summary!$C$1:$C$217),),9999),ROW(Summary!18:18))-1,)} -> 0
B20: {=OFFSET(Summary!$B$1,SMALL(IFERROR(IF(FIND($A$2,Summary!$C$1:$C$217)>=1,ROW(Summary!$B$1:$B$217),),9999),ROW(Summary!19:19))-1,)} -> 0 | C20: {=OFFSET(Summary!$C$1,SMALL(IFERROR(IF(FIND($A$2,Summary!$C$1:$C$217)>=1,ROW(Summary!$C$1:$C$217),),9999),ROW(Summary!19:19))-1,)} -> 0
B21: {=OFFSET(Summary!$B$1,SMALL(IFERROR(IF(FIND($A$2,Summary!$C$1:$C$217)>=1,ROW(Summary!$B$1:$B$217),),9999),ROW(Summary!20:20))-1,)} -> 0 | C21: {=OFFSET(Summary!$C$1,SMALL(IFERROR(IF(FIND($A$2,Summary!$C$1:$C$217)>=1,ROW(Summary!$C$1:$C$217),),9999),ROW(Summary!20:20))-1,)} -> 0
B22: {=OFFSET(Summary!$B$1,SMALL(IFERROR(IF(FIND($A$2,Summary!$C$1:$C$217)>=1,ROW(Summary!$B$1:$B$217),),9999),ROW(Summary!21:21))-1,)} -> 0 | C22: {=OFFSET(Summary!$C$1,SMALL(IFERROR(IF(FIND($A$2,Summary!$C$1:$C$217)>=1,ROW(Summary!$C$1:$C$217),),9999),ROW(Summary!21:21))-1,)} -> 0
B23: {=OFFSET(Summary!$B$1,SMALL(IFERROR(IF(FIND($A$2,Summary!$C$1:$C$217)>=1,ROW(Summary!$B$1:$B$217),),9999),ROW(Summary!22:22))-1,)} -> 0 | C23: {=OFFSET(Summary!$C$1,SMALL(IFERROR(IF(FIND($A$2,Summary!$C$1:$C$217)>=1,ROW(Summary!$C$1:$C$217),),9999),ROW(Summary!22:22))-1,)} -> 0
B24: {=OFFSET(Summary!$B$1,SMALL(IFERROR(IF(FIND($A$2,Summary!$C$1:$C$217)>=1,ROW(Summary!$B$1:$B$217),),9999),ROW(Summary!23:23))-1,)} -> 0 | C24: {=OFFSET(Summary!$C$1,SMALL(IFERROR(IF(FIND($A$2,Summary!$C$1:$C$217)>=1,ROW(Summary!$C$1:$C$217),),9999),ROW(Summary!23:23))-1,)} -> 0
B25: {=OFFSET(Summary!$B$1,SMALL(IFERROR(IF(FIND($A$2,Summary!$C$1:$C$217)>=1,ROW(Summary!$B$1:$B$217),),9999),ROW(Summary!24:24))-1,)} -> 0 | C25: {=OFFSET(Summary!$C$1,SMALL(IFERROR(IF(FIND($A$2,Summary!$C$1:$C$217)>=1,ROW(Summary!$C$1:$C$217),),9999),ROW(Summary!24:24))-1,)} -> 0
B26: {=OFFSET(Summary!$B$1,SMALL(IFERROR(IF(FIND($A$2,Summary!$C$1:$C$217)>=1,ROW(Summary!$B$1:$B$217),),9999),ROW(Summary!25:25))-1,)} -> 0 | C26: {=OFFSET(Summary!$C$1,SMALL(IFERROR(IF(FIND($A$2,Summary!$C$1:$C$217)>=1,ROW(Summary!$C$1:$C$217),),9999),ROW(Summary!25:25))-1,)} -> 0
B27: {=OFFSET(Summary!$B$1,SMALL(IFERROR(IF(FIND($A$2,Summary!$C$1:$C$217)>=1,ROW(Summary!$B$1:$B$217),),9999),ROW(Summary!26:26))-1,)} -> 0 | C27: {=OFFSET(Summary!$C$1,SMALL(IFERROR(IF(FIND($A$2,Summary!$C$1:$C$217)>=1,ROW(Summary!$C$1:$C$217),),9999),ROW(Summary!26:26))-1,)} -> 0
B28: {=OFFSET(Summary!$B$1,SMALL(IFERROR(IF(FIND($A$2,Summary!$C$1:$C$217)>=1,ROW(Summary!$B$1:$B$217),),9999),ROW(Summary!27:27))-1,)} -> 0 | C28: {=OFFSET(Summary!$C$1,SMALL(IFERROR(IF(FIND($A$2,Summary!$C$1:$C$217)>=1,ROW(Summary!$C$1:$C$217),),9999),ROW(Summary!27:27))-1,)} -> 0
B29: {=OFFSET(Summary!$B$1,SMALL(IFERROR(IF(FIND($A$2,Summary!$C$1:$C$217)>=1,ROW(Summary!$B$1:$B$217),),9999),ROW(Summary!28:28))-1,)} -> 0 | C29: {=OFFSET(Summary!$C$1,SMALL(IFERROR(IF(FIND($A$2,Summary!$C$1:$C$217)>=1,ROW(Summary!$C$1:$C$217),),9999),ROW(Summary!28:28))-1,)} -> 0
B30: {=OFFSET(Summary!$B$1,SMALL(IFERROR(IF(FIND($A$2,Summary!$C$1:$C$217)>=1,ROW(Summary!$B$1:$B$217),),9999),ROW(Summary!29:29))-1,)} -> 0 | C30: {=OFFSET(Summary!$C$1,SMALL(IFERROR(IF(FIND($A$2,Summary!$C$1:$C$217)>=1,ROW(Summary!$C$1:$C$217),),9999),ROW(Summary!29:29))-1,)} -> 0
B31: {=OFFSET(Summary!$B$1,SMALL(IFERROR(IF(FIND($A$2,Summary!$C$1:$C$217)>=1,ROW(Summary!$B$1:$B$217),),9999),ROW(Summary!30:30))-1,)} -> 0 | C31: {=OFFSET(Summary!$C$1,SMALL(IFERROR(IF(FIND($A$2,Summary!$C$1:$C$217)>=1,ROW(Summary!$C$1:$C$217),),9999),ROW(Summary!30:30))-1,)} -> 0
B32: {=OFFSET(Summary!$B$1,SMALL(IFERROR(IF(FIND($A$2,Summary!$C$1:$C$217)>=1,ROW(Summary!$B$1:$B$217),),9999),ROW(Summary!31:31))-1,)} -> 0 | C32: {=OFFSET(Summary!$C$1,SMALL(IFERROR(IF(FIND($A$2,Summary!$C$1:$C$217)>=1,ROW(Summary!$C$1:$C$217),),9999),ROW(Summary!31:31))-1,)} -> 0
B33: {=OFFSET(Summary!$B$1,SMALL(IFERROR(IF(FIND($A$2,Summary!$C$1:$C$217)>=1,ROW(Summary!$B$1:$B$217),),9999),ROW(Summary!32:32))-1,)} -> 0 | C33: {=OFFSET(Summary!$C$1,SMALL(IFERROR(IF(FIND($A$2,Summary!$C$1:$C$217)>=1,ROW(Summary!$C$1:$C$217),),9999),ROW(Summary!32:32))-1,)} -> 0
B34: {=OFFSET(Summary!$B$1,SMALL(IFERROR(IF(FIND($A$2,Summary!$C$1:$C$217)>=1,ROW(Summary!$B$1:$B$217),),9999),ROW(Summary!33:33))-1,)} -> 0 | C34: {=OFFSET(Summary!$C$1,SMALL(IFERROR(IF(FIND($A$2,Summary!$C$1:$C$217)>=1,ROW(Summary!$C$1:$C$217),),9999),ROW(Summary!33:33))-1,)} -> 0
B35: {=OFFSET(Summary!$B$1,SMALL(IFERROR(IF(FIND($A$2,Summary!$C$1:$C$217)>=1,ROW(Summary!$B$1:$B$217),),9999),ROW(Summary!34:34))-1,)} -> 0 | C35: {=OFFSET(Summary!$C$1,SMALL(IFERROR(IF(FIND($A$2,Summary!$C$1:$C$217)>=1,ROW(Summary!$C$1:$C$217),),9999),ROW(Summary!34:34))-1,)} -> 0
B36: {=OFFSET(Summary!$B$1,SMALL(IFERROR(IF(FIND($A$2,Summary!$C$1:$C$217)>=1,ROW(Summary!$B$1:$B$217),),9999),ROW(Summary!35:35))-1,)} -> 0 | C36: {=OFFSET(Summary!$C$1,SMALL(IFERROR(IF(FIND($A$2,Summary!$C$1:$C$217)>=1,ROW(Summary!$C$1:$C$217),),9999),ROW(Summary!35:35))-1,)} -> 0
B37: {=OFFSET(Summary!$B$1,SMALL(IFERROR(IF(FIND($A$2,Summary!$C$1:$C$217)>=1,ROW(Summary!$B$1:$B$217),),9999),ROW(Summary!36:36))-1,)} -> 0 | C37: {=OFFSET(Summary!$C$1,SMALL(IFERROR(IF(FIND($A$2,Summary!$C$1:$C$217)>=1,ROW(Summary!$C$1:$C$217),),9999),ROW(Summary!36:36))-1,)} -> 0
B38: {=OFFSET(Summary!$B$1,SMALL(IFERROR(IF(FIND($A$2,Summary!$C$1:$C$217)>=1,ROW(Summary!$B$1:$B$217),),9999),ROW(Summary!37:37))-1,)} -> 0 | C38: {=OFFSET(Summary!$C$1,SMALL(IFERROR(IF(FIND($A$2,Summary!$C$1:$C$217)>=1,ROW(Summary!$C$1:$C$217),),9999),ROW(Summary!37:37))-1,)} -> 0
B39: {=OFFSET(Summary!$B$1,SMALL(IFERROR(IF(FIND($A$2,Summary!$C$1:$C$217)>=1,ROW(Summary!$B$1:$B$217),),9999),ROW(Summary!38:38))-1,)} -> 0 | C39: {=OFFSET(Summary!$C$1,SMALL(IFERROR(IF(FIND($A$2,Summary!$C$1:$C$217)>=1,ROW(Summary!$C$1:$C$217),),9999),ROW(Summary!38:38))-1,)} -> 0
B40: {=OFFSET(Summary!$B$1,SMALL(IFERROR(IF(FIND($A$2,Summary!$C$1:$C$217)>=1,ROW(Summary!$B$1:$B$217),),9999),ROW(Summary!39:39))-1,)} -> 0 | C40: {=OFFSET(Summary!$C$1,SMALL(IFERROR(IF(FIND($A$2,Summary!$C$1:$C$217)>=1,ROW(Summary!$C$1:$C$217),),9999),ROW(Summary!39:39))-1,)} -> 0
B41: {=OFFSET(Summary!$B$1,SMALL(IFERROR(IF(FIND($A$2,Summary!$C$1:$C$217)>=1,ROW(Summary!$B$1:$B$217),),9999),ROW(Summary!40:40))-1,)} -> 0 | C41: {=OFFSET(Summary!$C$1,SMALL(IFERROR(IF(FIND($A$2,Summary!$C$1:$C$217)>=1,ROW(Summary!$C$1:$C$217),),9999),ROW(Summary!40:40))-1,)} -> 0
B42: {=OFFSET(Summary!$B$1,SMALL(IFERROR(IF(FIND($A$2,Summary!$C$1:$C$217)>=1,ROW(Summary!$B$1:$B$217),),9999),ROW(Summary!41:41))-1,)} -> 0 | C42: {=OFFSET(Summary!$C$1,SMALL(IFERROR(IF(FIND($A$2,Summary!$C$1:$C$217)>=1,ROW(Summary!$C$1:$C$217),),9999),ROW(Summary!41:41))-1,)} -> 0
B43: {=OFFSET(Summary!$B$1,SMALL(IFERROR(IF(FIND($A$2,Summary!$C$1:$C$217)>=1,ROW(Summary!$B$1:$B$217),),9999),ROW(Summary!42:42))-1,)} -> 0 | C43: {=OFFSET(Summary!$C$1,SMALL(IFERROR(IF(FIND($A$2,Summary!$C$1:$C$217)>=1,ROW(Summary!$C$1:$C$217),),9999),ROW(Summary!42:42))-1,)} -> 0
B44: {=OFFSET(Summary!$B$1,SMALL(IFERROR(IF(FIND($A$2,Summary!$C$1:$C$217)>=1,ROW(Summary!$B$1:$B$217),),9999),ROW(Summary!43:43))-1,)} -> 0 | C44: {=OFFSET(Summary!$C$1,SMALL(IFERROR(IF(FIND($A$2,Summary!$C$1:$C$217)>=1,ROW(Summary!$C$1:$C$217),),9999),ROW(Summary!43:43))-1,)} -> 0
B45: {=OFFSET(Summary!$B$1,SMALL(IFERROR(IF(FIND($A$2,Summary!$C$1:$C$217)>=1,ROW(Summary!$B$1:$B$217),),9999),ROW(Summary!44:44))-1,)} -> 0 | C45: {=OFFSET(Summary!$C$1,SMALL(IFERROR(IF(FIND($A$2,Summary!$C$1:$C$217)>=1,ROW(Summary!$C$1:$C$217),),9999),ROW(Summary!44:44))-1,)} -> 0
B46: {=OFFSET(Summary!$B$1,SMALL(IFERROR(IF(FIND($A$2,Summary!$C$1:$C$217)>=1,ROW(Summary!$B$1:$B$217),),9999),ROW(Summary!45:45))-1,)} -> 0 | C46: {=OFFSET(Summary!$C$1,SMALL(IFERROR(IF(FIND($A$2,Summary!$C$1:$C$217)>=1,ROW(Summary!$C$1:$C$217),),9999),ROW(Summary!45:45))-1,)} -> 0
B47: {=OFFSET(Summary!$B$1,SMALL(IFERROR(IF(FIND($A$2,Summary!$C$1:$C$217)>=1,ROW(Summary!$B$1:$B$217),),9999),ROW(Summary!46:46))-1,)} -> 0 | C47: {=OFFSET(Summary!$C$1,SMALL(IFERROR(IF(FIND($A$2,Summary!$C$1:$C$217)>=1,ROW(Summary!$C$1:$C$217),),9999),ROW(Summary!46:46))-1,)} -> 0
B48: {=OFFSET(Summary!$B$1,SMALL(IFERROR(IF(FIND($A$2,Summary!$C$1:$C$217)>=1,ROW(Summary!$B$1:$B$217),),9999),ROW(Summary!47:47))-1,)} -> 0 | C48: {=OFFSET(Summary!$C$1,SMALL(IFERROR(IF(FIND($A$2,Summary!$C$1:$C$217)>=1,ROW(Summary!$C$1:$C$217),),9999),ROW(Summary!47:47))-1,)} -> 0
B49: {=OFFSET(Summary!$B$1,SMALL(IFERROR(IF(FIND($A$2,Summary!$C$1:$C$217)>=1,ROW(Summary!$B$1:$B$217),),9999),ROW(Summary!48:48))-1,)} -> 0 | C49: {=OFFSET(Summary!$C$1,SMALL(IFERROR(IF(FIND($A$2,Summary!$C$1:$C$217)>=1,ROW(Summary!$C$1:$C$217),),9999),ROW(Summary!48:48))-1,)} -> 0
B50: {=OFFSET(Summary!$B$1,SMALL(IFERROR(IF(FIND($A$2,Summary!$C$1:$C$217)>=1,ROW(Summary!$B$1:$B$217),),9999),ROW(Summary!49:49))-1,)} -> 0 | C50: {=OFFSET(Summary!$C$1,SMALL(IFERROR(IF(FIND($A$2,Summary!$C$1:$C$217)>=1,ROW(Summary!$C$1:$C$217),),9999),ROW(Summary!49:49))-1,)} -> 0
B51: {=OFFSET(Summary!$B$1,SMALL(IFERROR(IF(FIND($A$2,Summary!$C$1:$C$217)>=1,ROW(Summary!$B$1:$B$217),),9999),ROW(Summary!50:50))-1,)} -> 0 | C51: {=OFFSET(Summary!$C$1,SMALL(IFERROR(IF(FIND($A$2,Summary!$C$1:$C$217)>=1,ROW(Summary!$C$1:$C$217),),9999),ROW(Summary!50:50))-1,)} -> 0
B52: {=OFFSET(Summary!$B$1,SMALL(IFERROR(IF(FIND($A$2,Summary!$C$1:$C$217)>=1,ROW(Summary!$B$1:$B$217),),9999),ROW(Summary!51:51))-1,)} -> 0 | C52: {=OFFSET(Summary!$C$1,SMALL(IFERROR(IF(FIND($A$2,Summary!$C$1:$C$217)>=1,ROW(Summary!$C$1:$C$217),),9999),ROW(Summary!51:51))-1,)} -> 0
B53: {=OFFSET(Summary!$B$1,SMALL(IFERROR(IF(FIND($A$2,Summary!$C$1:$C$217)>=1,ROW(Summary!$B$1:$B$217),),9999),ROW(Summary!52:52))-1,)} -> 0 | C53: {=OFFSET(Summary!$C$1,SMALL(IFERROR(IF(FIND($A$2,Summary!$C$1:$C$217)>=1,ROW(Summary!$C$1:$C$217),),9999),ROW(Summary!52:52))-1,)} -> 0
B54: {=OFFSET(Summary!$B$1,SMALL(IFERROR(IF(FIND($A$2,Summary!$C$1:$C$217)>=1,ROW(Summary!$B$1:$B$217),),9999),ROW(Summary!53:53))-1,)} -> 0 | C54: {=OFFSET(Summary!$C$1,SMALL(IFERROR(IF(FIND($A$2,Summary!$C$1:$C$217)>=1,ROW(Summary!$C$1:$C$217),),9999),ROW(Summary!53:53))-1,)} -> 0
B55: {=OFFSET(Summary!$B$1,SMALL(IFERROR(IF(FIND($A$2,Summary!$C$1:$C$217)>=1,ROW(Summary!$B$1:$B$217),),9999),ROW(Summary!54:54))-1,)} -> 0 | C55: {=OFFSET(Summary!$C$1,SMALL(IFERROR(IF(FIND($A$2,Summary!$C$1:$C$217)>=1,ROW(Summary!$C$1:$C$217),),9999),ROW(Summary!54:54))-1,)} -> 0
B56: {=OFFSET(Summary!$B$1,SMALL(IFERROR(IF(FIND($A$2,Summary!$C$1:$C$217)>=1,ROW(Summary!$B$1:$B$217),),9999),ROW(Summary!55:55))-1,)} -> 0 | C56: {=OFFSET(Summary!$C$1,SMALL(IFERROR(IF(FIND($A$2,Summary!$C$1:$C$217)>=1,ROW(Summary!$C$1:$C$217),),9999),ROW(Summary!55:55))-1,)} -> 0
B57: {=OFFSET(Summary!$B$1,SMALL(IFERROR(IF(FIND($A$2,Summary!$C$1:$C$217)>=1,ROW(Summary!$B$1:$B$217),),9999),ROW(Summary!56:56))-1,)} -> 0 | C57: {=OFFSET(Summary!$C$1,SMALL(IFERROR(IF(FIND($A$2,Summary!$C$1:$C$217)>=1,ROW(Summary!$C$1:$C$217),),9999),ROW(Summary!56:56))-1,)} -> 0
B58: {=OFFSET(Summary!$B$1,SMALL(IFERROR(IF(FIND($A$2,Summary!$C$1:$C$217)>=1,ROW(Summary!$B$1:$B$217),),9999),ROW(Summary!57:57))-1,)} -> 0 | C58: {=OFFSET(Summary!$C$1,SMALL(IFERROR(IF(FIND($A$2,Summary!$C$1:$C$217)>=1,ROW(Summary!$C$1:$C$217),),9999),ROW(Summary!57:57))-1,)} -> 0
B59: {=OFFSET(Summary!$B$1,SMALL(IFERROR(IF(FIND($A$2,Summary!$C$1:$C$217)>=1,ROW(Summary!$B$1:$B$217),),9999),ROW(Summary!58:58))-1,)} -> 0 | C59: {=OFFSET(Summary!$C$1,SMALL(IFERROR(IF(FIND($A$2,Summary!$C$1:$C$217)>=1,ROW(Summary!$C$1:$C$217),),9999),ROW(Summary!58:58))-1,)} -> 0
B60: {=OFFSET(Summary!$B$1,SMALL(IFERROR(IF(FIND($A$2,Summary!$C$1:$C$217)>=1,ROW(Summary!$B$1:$B$217),),9999),ROW(Summary!59:59))-1,)} -> 0 | C60: {=OFFSET(Summary!$C$1,SMALL(IFERROR(IF(FIND($A$2,Summary!$C$1:$C$217)>=1,ROW(Summary!$C$1:$C$217),),9999),ROW(Summary!59:59))-1,)} -> 0
B61: {=OFFSET(Summary!$B$1,SMALL(IFERROR(IF(FIND($A$2,Summary!$C$1:$C$217)>=1,ROW(Summary!$B$1:$B$217),),9999),ROW(Summary!60:60))-1,)} -> 0 | C61: {=OFFSET(Summary!$C$1,SMALL(IFERROR(IF(FIND($A$2,Summary!$C$1:$C$217)>=1,ROW(Summary!$C$1:$C$217),),9999),ROW(Summary!60:60))-1,)} -> 0
B62: {=OFFSET(Summary!$B$1,SMALL(IFERROR(IF(FIND($A$2,Summary!$C$1:$C$217)>=1,ROW(Summary!$B$1:$B$217),),9999),ROW(Summary!61:61))-1,)} -> 0 | C62: {=OFFSET(Summary!$C$1,SMALL(IFERROR(IF(FIND($A$2,Summary!$C$1:$C$217)>=1,ROW(Summary!$C$1:$C$217),),9999),ROW(Summary!61:61))-1,)} -> 0
B63: {=OFFSET(Summary!$B$1,SMALL(IFERROR(IF(FIND($A$2,Summary!$C$1:$C$217)>=1,ROW(Summary!$B$1:$B$217),),9999),ROW(Summary!62:62))-1,)} -> 0 | C63: {=OFFSET(Summary!$C$1,SMALL(IFERROR(IF(FIND($A$2,Summary!$C$1:$C$217)>=1,ROW(Summary!$C$1:$C$217),),9999),ROW(Summary!62:62))-1,)} -> 0
B64: {=OFFSET(Summary!$B$1,SMALL(IFERROR(IF(FIND($A$2,Summary!$C$1:$C$217)>=1,ROW(Summary!$B$1:$B$217),),9999),ROW(Summary!63:63))-1,)} -> 0 | C64: {=OFFSET(Summary!$C$1,SMALL(IFERROR(IF(FIND($A$2,Summary!$C$1:$C$217)>=1,ROW(Summary!$C$1:$C$217),),9999),ROW(Summary!63:63))-1,)} -> 0
B65: {=OFFSET(Summary!$B$1,SMALL(IFERROR(IF(FIND($A$2,Summary!$C$1:$C$217)>=1,ROW(Summary!$B$1:$B$217),),9999),ROW(Summary!64:64))-1,)} -> 0 | C65: {=OFFSET(Summary!$C$1,SMALL(IFERROR(IF(FIND($A$2,Summary!$C$1:$C$217)>=1,ROW(Summary!$C$1:$C$217),),9999),ROW(Summary!64:64))-1,)} -> 0
B66: {=OFFSET(Summary!$B$1,SMALL(IFERROR(IF(FIND($A$2,Summary!$C$1:$C$217)>=1,ROW(Summary!$B$1:$B$217),),9999),ROW(Summary!65:65))-1,)} -> 0 | C66: {=OFFSET(Summary!$C$1,SMALL(IFERROR(IF(FIND($A$2,Summary!$C$1:$C$217)>=1,ROW(Summary!$C$1:$C$217),),9999),ROW(Summary!65:65))-1,)} -> 0
B67: {=OFFSET(Summary!$B$1,SMALL(IFERROR(IF(FIND($A$2,Summary!$C$1:$C$217)>=1,ROW(Summary!$B$1:$B$217),),9999),ROW(Summary!66:66))-1,)} -> 0 | C67: {=OFFSET(Summary!$C$1,SMALL(IFERROR(IF(FIND($A$2,Summary!$C$1:$C$217)>=1,ROW(Summary!$C$1:$C$217),),9999),ROW(Summary!66:66))-1,)} -> 0
B68: {=OFFSET(Summary!$B$1,SMALL(IFERROR(IF(FIND($A$2,Summary!$C$1:$C$217)>=1,ROW(Summary!$B$1:$B$217),),9999),ROW(Summary!67:67))-1,)} -> 0 | C68: {=OFFSET(Summary!$C$1,SMALL(IFERROR(IF(FIND($A$2,Summary!$C$1:$C$217)>=1,ROW(Summary!$C$1:$C$217),),9999),ROW(Summary!67:67))-1,)} -> 0
B69: {=OFFSET(Summary!$B$1,SMALL(IFERROR(IF(FIND($A$2,Summary!$C$1:$C$217)>=1,ROW(Summary!$B$1:$B$217),),9999),ROW(Summary!68:68))-1,)} -> 0 | C69: {=OFFSET(Summary!$C$1,SMALL(IFERROR(IF(FIND($A$2,Summary!$C$1:$C$217)>=1,ROW(Summary!$C$1:$C$217),),9999),ROW(Summary!68:68))-1,)} -> 0
B70: {=OFFSET(Summary!$B$1,SMALL(IFERROR(IF(FIND($A$2,Summary!$C$1:$C$217)>=1,ROW(Summary!$B$1:$B$217),),9999),ROW(Summary!69:69))-1,)} -> 0 | C70: {=OFFSET(Summary!$C$1,SMALL(IFERROR(IF(FIND($A$2,Summary!$C$1:$C$217)>=1,ROW(Summary!$C$1:$C$217),),9999),ROW(Summary!69:69))-1,)} -> 0
B71: {=OFFSET(Summary!$B$1,SMALL(IFERROR(IF(FIND($A$2,Summary!$C$1:$C$217)>=1,ROW(Summary!$B$1:$B$217),),9999),ROW(Summary!70:70))-1,)} -> 0 | C71: {=OFFSET(Summary!$C$1,SMALL(IFERROR(IF(FIND($A$2,Summary!$C$1:$C$217)>=1,ROW(Summary!$C$1:$C$217),),9999),ROW(Summary!70:70))-1,)} -> 0
B72: {=OFFSET(Summary!$B$1,SMALL(IFERROR(IF(FIND($A$2,Summary!$C$1:$C$217)>=1,ROW(Summary!$B$1:$B$217),),9999),ROW(Summary!71:71))-1,)} -> 0 | C72: {=OFFSET(Summary!$C$1,SMALL(IFERROR(IF(FIND($A$2,Summary!$C$1:$C$217)>=1,ROW(Summary!$C$1:$C$217),),9999),ROW(Summary!71:71))-1,)} -> 0
B73: {=OFFSET(Summary!$B$1,SMALL(IFERROR(IF(FIND($A$2,Summary!$C$1:$C$217)>=1,ROW(Summary!$B$1:$B$217),),9999),ROW(Summary!72:72))-1,)} -> 0 | C73: {=OFFSET(Summary!$C$1,SMALL(IFERROR(IF(FIND($A$2,Summary!$C$1:$C$217)>=1,ROW(Summary!$C$1:$C$217),),9999),ROW(Summary!72:72))-1,)} -> 0
B74: {=OFFSET(Summary!$B$1,SMALL(IFERROR(IF(FIND($A$2,Summary!$C$1:$C$217)>=1,ROW(Summary!$B$1:$B$217),),9999),ROW(Summary!73:73))-1,)} -> 0 | C74: {=OFFSET(Summary!$C$1,SMALL(IFERROR(IF(FIND($A$2,Summary!$C$1:$C$217)>=1,ROW(Summary!$C$1:$C$217),),9999),ROW(Summary!73:73))-1,)} -> 0
B75: {=OFFSET(Summary!$B$1,SMALL(IFERROR(IF(FIND($A$2,Summary!$C$1:$C$217)>=1,ROW(Summary!$B$1:$B$217),),9999),ROW(Summary!74:74))-1,)} -> 0 | C75: {=OFFSET(Summary!$C$1,SMALL(IFERROR(IF(FIND($A$2,Summary!$C$1:$C$217)>=1,ROW(Summary!$C$1:$C$217),),9999),ROW(Summary!74:74))-1,)} -> 0
B76: {=OFFSET(Summary!$B$1,SMALL(IFERROR(IF(FIND($A$2,Summary!$C$1:$C$217)>=1,ROW(Summary!$B$1:$B$217),),9999),ROW(Summary!75:75))-1,)} -> 0 | C76: {=OFFSET(Summary!$C$1,SMALL(IFERROR(IF(FIND($A$2,Summary!$C$1:$C$217)>=1,ROW(Summary!$C$1:$C$217),),9999),ROW(Summary!75:75))-1,)} -> 0
B77: {=OFFSET(Summary!$B$1,SMALL(IFERROR(IF(FIND($A$2,Summary!$C$1:$C$217)>=1,ROW(Summary!$B$1:$B$217),),9999),ROW(Summary!76:76))-1,)} -> 0 | C77: {=OFFSET(Summary!$C$1,SMALL(IFERROR(IF(FIND($A$2,Summary!$C$1:$C$217)>=1,ROW(Summary!$C$1:$C$217),),9999),ROW(Summary!76:76))-1,)} -> 0
B78: {=OFFSET(Summary!$B$1,SMALL(IFERROR(IF(FIND($A$2,Summary!$C$1:$C$217)>=1,ROW(Summary!$B$1:$B$217),),9999),ROW(Summary!77:77))-1,)} -> 0 | C78: {=OFFSET(Summary!$C$1,SMALL(IFERROR(IF(FIND($A$2,Summary!$C$1:$C$217)>=1,ROW(Summary!$C$1:$C$217),),9999),ROW(Summary!77:77))-1,)} -> 0

Sheet Summary
B1: PIN | D1: State
B2: 1 | C2: GPIO28/ SCIA_RX/ EPWM7_A/ OUTPUTXBAR5/ EQEP1_A/ SD1_D3/ EQEP2_STROBE/ LINA_TX/ SPIB_CLK/ ERRORSTS | D2: =IF(COUNTIF(Assign!$E:$E,B2)=1,"Occupied",IF(COUNTIF(Assign!$E:$E,B2)=0,"Not Used","Duplicate definitions")) -> Occupied
B3: 2 | C3: XRSn
B4: 3 | C4: VDDIO
B5: 4 | C5: VDD
B6: 5 | C6: VSS
B7: 6 | C7: A6/ PGA5_OF/ CMP5_HP0/ CMP5_LP0/ AIO228 | D7: =IF(COUNTIF(Assign!$E:$E,B7)=1,"Occupied",IF(COUNTIF(Assign!$E:$E,B7)=0,"Not Used","Duplicate definitions")) -> Not Used
B8: 7 | C8: B2/ C6/ PGA3_OF/ CMP3_HP0/ CMP3_LP0/ AIO226 | D8: =IF(COUNTIF(Assign!$E:$E,B8)=1,"Occupied",IF(COUNTIF(Assign!$E:$E,B8)=0,"Not Used","Duplicate definitions")) -> Not Used
B9: 8 | C9: B3/ VDAC/ CMP3_HP3/ CMP3_HN0/ CMP3_LP3/ CMP3_LN0/ AIO242 | D9: =IF(COUNTIF(Assign!$E:$E,B9)=1,"Occupied",IF(COUNTIF(Assign!$E:$E,B9)=0,"Not Used","Duplicate definitions")) -> Not Used
B10: 9 | C10: A2/ B6/ PGA1_OF/ CMP1_HP0/ CMP1_LP0/ AIO224 | D10: =IF(COUNTIF(Assign!$E:$E,B10)=1,"Occupied",IF(COUNTIF(Assign!$E:$E,B10)=0,"Not Used","Duplicate definitions")) -> Not Used
B11: 10 | C11: A3/ CMP1_HP3/ CMP1_HN0/ CMP1_LP3/ CMP1_LN0/ AIO233 | D11: =IF(COUNTIF(Assign!$E:$E,B11)=1,"Occupied",IF(COUNTIF(Assign!$E:$E,B11)=0,"Not Used","Duplicate definitions")) -> Occupied
B12: 11 | C12: VDDA
B13: 12 | C13: VSSA
B14: 13 | C14: PGA5_GND | D14: =IF(COUNTIF(Assign!$E:$E,B14)=1,"Occupied",IF(COUNTIF(Assign!$E:$E,B14)=0,"Not Used","Duplicate definitions")) -> Not Used
B15: 14 | C15: PGA1_GND | D15: =IF(COUNTIF(Assign!$E:$E,B15)=1,"Occupied",IF(COUNTIF(Assign!$E:$E,B15)=0,"Not Used","Duplicate definitions")) -> Not Used
B16: 15 | C16: PGA3_GND | D16: =IF(COUNTIF(Assign!$E:$E,B16)=1,"Occupied",IF(COUNTIF(Assign!$E:$E,B16)=0,"Not Used","Duplicate definitions")) -> Not Used
B17: 16 | C17: PGA5_IN/ CMP5_HP2/ CMP5_LP2 | D17: =IF(COUNTIF(Assign!$E:$E,B17)=1,"Occupied",IF(COUNTIF(Assign!$E:$E,B17)=0,"Not Used","Duplicate definitions")) -> Not Used
B18: 17 | C18: C4/ CMP5_HP1/ CMP5_HN1/ CMP5_LP1/ CMP5_LN1/ AIO239 | D18: =IF(COUNTIF(Assign!$E:$E,B18)=1,"Occupied",IF(COUNTIF(Assign!$E:$E,B18)=0,"Not Used","Duplicate definitions")) -> Occupied
B19: 18 | C19: PGA1_IN/ CMP1_HP2/ CMP1_LP2 | D19: =IF(COUNTIF(Assign!$E:$E,B19)=1,"Occupied",IF(COUNTIF(Assign!$E:$E,B19)=0,"Not Used","Duplicate definitions")) -> Not Used
B20: 19 | C20: C0/ CMP1_HP1/ CMP1_HN1/ CMP1_LP1/ CMP1_LN1/ AIO237 | D20: =IF(COUNTIF(Assign!$E:$E,B20)=1,"Occupied",IF(COUNTIF(Assign!$E:$E,B20)=0,"Not Used","Duplicate definitions")) -> Occupied
B21: 20 | C21: PGA3_IN/ CMP3_HP2/ CMP3_LP2 | D21: =IF(COUNTIF(Assign!$E:$E,B21)=1,"Occupied",IF(COUNTIF(Assign!$E:$E,B21)=0,"Not Used","Duplicate definitions")) -> Not Used
B22: 21 | C22: C2/ CMP3_HP1/ CMP3_HN1/ CMP3_LP1/ CMP3_LN1/ AIO244 | D22: =IF(COUNTIF(Assign!$E:$E,B22)=1,"Occupied",IF(COUNTIF(Assign!$E:$E,B22)=0,"Not Used","Duplicate definitions")) -> Occupied
B23: 22 | C23: A1/ DACB_OUT/ AIO232 | D23: =IF(COUNTIF(Assign!$E:$E,B23)=1,"Occupied",IF(COUNTIF(Assign!$E:$E,B23)=0,"Not Used","Duplicate definitions")) -> Occupied
B24: 23 | C24: A0/ B15/ C15/ DACA_OUT/ AIO231 | D24: =IF(COUNTIF(Assign!$E:$E,B24)=1,"Occupied",IF(COUNTIF(Assign!$E:$E,B24)=0,"Not Used","Duplicate definitions")) -> Occupied
B25: 24 | C25: VREFHIB/ VREFHIC
B26: 25 | C26: VREFHIA
B27: 26 | C27: VREFLOB/ VREFLOC
B28: 27 | C28: VREFLOA
B29: 28 | C29: C5/ CMP6_HP1/ CMP6_HN1/ CMP6_LP1/ CMP6_LN1/ PGA6_IN/ CMP6_HP2/ CMP6_LP2/ AIO240 | D29: =IF(COUNTIF(Assign!$E:$E,B29)=1,"Occupied",IF(COUNTIF(Assign!$E:$E,B29)=0,"Not Used","Duplicate definitions")) -> Occupied
B30: 29 | C30: C1/ CMP2_HP1/ CMP2_HN1/ CMP2_LP1/ CMP2_LN1/ AIO238 | D30: =IF(COUNTIF(Assign!$E:$E,B30)=1,"Occupied",IF(COUNTIF(Assign!$E:$E,B30)=0,"Not Used","Duplicate definitions")) -> Occupied
B31: 30 | C31: PGA2_IN/ CMP2_HP2/ CMP2_LP2 | D31: =IF(COUNTIF(Assign!$E:$E,B31)=1,"Occupied",IF(COUNTIF(Assign!$E:$E,B31)=0,"Not Used","Duplicate definitions")) -> Not Used
B32: 31 | C32: C3/ CMP4_HP1/ CMP4_HN1/ CMP4_LP1/ CMP4_LN1/ PGA4_IN/ CMP4_HP2/ CMP4_LP2/ AIO245 | D32: =IF(COUNTIF(Assign!$E:$E,B32)=1,"Occupied",IF(COUNTIF(Assign!$E:$E,B32)=0,"Not Used","Duplicate definitions")) -> Occupied
B33: 32 | C33: PGA2_GND/ PGA4_GND/ PGA6_GND | D33: =IF(COUNTIF(Assign!$E:$E,B33)=1,"Occupied",IF(COUNTIF(Assign!$E:$E,B33)=0,"Not Used","Duplicate definitions")) -> Not Used
B34: 33 | C34: VSSA
B35: 34 | C35: VDDA
B36: 35 | C36: A5/ CMP2_HP3/ CMP2_HN0/ CMP2_LP3/ CMP2_LN0/ AIO234 | D36: =IF(COUNTIF(Assign!$E:$E,B36)=1,"Occupied",IF(COUNTIF(Assign!$E:$E,B36)=0,"Not Used","Duplicate definitions")) -> Occupied
B37: 36 | C37: A4/ B8/ PGA2_OF/ CMP2_HP0/ CMP2_LP0/ AIO225 | D37: =IF(COUNTIF(Assign!$E:$E,B37)=1,"Occupied",IF(COUNTIF(Assign!$E:$E,B37)=0,"Not Used","Duplicate definitions")) -> Occupied
B38: 37 | C38: A8/ PGA6_OF/ CMP6_HP0/ CMP6_LP0/ AIO229 | D38: =IF(COUNTIF(Assign!$E:$E,B38)=1,"Occupied",IF(COUNTIF(Assign!$E:$E,B38)=0,"Not Used","Duplicate definitions")) -> Occupied
B39: 38 | C39: A9/ CMP6_HP3/ CMP6_HN0/ CMP6_LP3/ CMP6_LN0/ AIO236 | D39: =IF(COUNTIF(Assign!$E:$E,B39)=1,"Occupied",IF(COUNTIF(Assign!$E:$E,B39)=0,"Not Used","Duplicate definitions")) -> Occupied
B40: 39 | C40: B4/ C8/ PGA4_OF/ CMP4_HP0/ CMP4_LP0/ AIO227 | D40: =IF(COUNTIF(Assign!$E:$E,B40)=1,"Occupied",IF(COUNTIF(Assign!$E:$E,B40)=0,"Not Used","Duplicate definitions")) -> Not Used
B41: 40 | C41: A10/ B1/ C10/ PGA7_OF/ CMP7_HP0/ CMP7_LP0/ AIO230 | D41: =IF(COUNTIF(Assign!$E:$E,B41)=1,"Occupied",IF(COUNTIF(Assign!$E:$E,B41)=0,"Not Used","Duplicate definitions")) -> Not Used
B42: 41 | C42: B0/ CMP7_HP3/ CMP7_HN0/ CMP7_LP3/ CMP7_LN0/ AIO241 | D42: =IF(COUNTIF(Assign!$E:$E,B42)=1,"Occupied",IF(COUNTIF(Assign!$E:$E,B42)=0,"Not Used","Duplicate definitions")) -> Occupied
B43: 42 | C43: PGA7_GND | D43: =IF(COUNTIF(Assign!$E:$E,B43)=1,"Occupied",IF(COUNTIF(Assign!$E:$E,B43)=0,"Not Used","Duplicate definitions")) -> Not Used
B44: 43 | C44: PGA7_IN/ CMP7_HP2/ CMP7_LP2 | D44: =IF(COUNTIF(Assign!$E:$E,B44)=1,"Occupied",IF(COUNTIF(Assign!$E:$E,B44)=0,"Not Used","Duplicate definitions")) -> Not Used
B45: 44 | C45: C14/ CMP7_HP1/ CMP7_HN1/ CMP7_LP1/ CMP7_LN1/ AIO246 | D45: =IF(COUNTIF(Assign!$E:$E,B45)=1,"Occupied",IF(COUNTIF(Assign!$E:$E,B45)=0,"Not Used","Duplicate definitions")) -> Occupied
B46: 45 | C46: VSS
B47: 46 | C47: VDD
B48: 47 | C48: VDDIO
B49: 48 | C49: FLT2
B50: 49 | C50: FLT1
B51: 50 | C51: GPIO13/ EPWM7_B/ CANB_RX/ EQEP1_INDEX/ SCIB_RX/ PMBUSA_ALERT/ FSIRXA_CLK | D51: =IF(COUNTIF(Assign!$E:$E,B51)=1,"Occupied",IF(COUNTIF(Assign!$E:$E,B51)=0,"Not Used","Duplicate definitions")) -> Occupied
B52: 51 | C52: GPIO12/ EPWM7_A/ CANB_TX/ EQEP1_STROBE/ SCIB_TX/ PMBUSA_CTL/ FSIRXA_D0 | D52: =IF(COUNTIF(Assign!$E:$E,B52)=1,"Occupied",IF(COUNTIF(Assign!$E:$E,B52)=0,"Not Used","Duplicate definitions")) -> Occupied
B53: 52 | C53: GPIO11/ EPWM6_B/ SCIB_RX/ OUTPUTXBAR7/ EQEP1_B/ SPIA_STE/ FSIRXA_D1 | D53: =IF(COUNTIF(Assign!$E:$E,B53)=1,"Occupied",IF(COUNTIF(Assign!$E:$E,B53)=0,"Not Used","Duplicate definitions")) -> Occupied
B54: 53 | C54: GPIO33/ I2CA_SCL/ SPIB_STE/ OUTPUTXBAR4/ LINA_RX/ SD1_C3/ FSIRXA_CLK/ CANA_RX | D54: =IF(COUNTIF(Assign!$E:$E,B54)=1,"Occupied",IF(COUNTIF(Assign!$E:$E,B54)=0,"Not Used","Duplicate definitions")) -> Occupied
B55: 54 | C55: GPIO16/ SPIA_SIMO/ CANB_TX/ OUTPUTXBAR7/ EPWM5_A/ SCIA_TX/ SD1_D1/ EQEP1_STROBE/ PMBUSA_SCL/ XCLKOUT | D55: =IF(COUNTIF(Assign!$E:$E,B55)=1,"Occupied",IF(COUNTIF(Assign!$E:$E,B55)=0,"Not Used","Duplicate definitions")) -> Occupied
B56: 55 | C56: GPIO17/ SPIA_SOMI/ CANB_RX/ OUTPUTXBAR8/ EPWM5_B/ SCIA_RX/ SD1_C1/ EQEP1_INDEX/ PMBUSA_SDA | D56: =IF(COUNTIF(Assign!$E:$E,B56)=1,"Occupied",IF(COUNTIF(Assign!$E:$E,B56)=0,"Not Used","Duplicate definitions")) -> Occupied
B57: 56 | C57: GPIO24/ OUTPUTXBAR1/ EQEP2_A/ EPWM8_A/ SPIB_SIMO/ SD1_D1/ PMBUSA_SCL/ SCIA_TX/ ERRORSTS | D57: =IF(COUNTIF(Assign!$E:$E,B57)=1,"Occupied",IF(COUNTIF(Assign!$E:$E,B57)=0,"Not Used","Duplicate definitions")) -> Occupied
B58: 57 | C58: GPIO25/ OUTPUTXBAR2/ EQEP2_B/ SPIB_SOMI/ SD1_C1/ FSITXA_D1/ PMBUSA_SDA/ SCIA_RX | D58: =IF(COUNTIF(Assign!$E:$E,B58)=1,"Occupied",IF(COUNTIF(Assign!$E:$E,B58)=0,"Not Used","Duplicate definitions")) -> Occupied
B59: 58 | C59: GPIO26/ OUTPUTXBAR3/ EQEP2_INDEX/ SPIB_CLK/ SD1_D2/ FSITXA_D0/ PMBUSA_CTL/ I2CA_SDA | D59: =IF(COUNTIF(Assign!$E:$E,B59)=1,"Occupied",IF(COUNTIF(Assign!$E:$E,B59)=0,"Not Used","Duplicate definitions")) -> Occupied
B60: 59 | C60: GPIO27/ OUTPUTXBAR4/ EQEP2_STROBE/ SPIB_STE/ SD1_C2/ FSITXA_CLK/ PMBUSA_ALERT/ I2CA_SCL | D60: =IF(COUNTIF(Assign!$E:$E,B60)=1,"Occupied",IF(COUNTIF(Assign!$E:$E,B60)=0,"Not Used","Duplicate definitions")) -> Not Used
B61: 60 | C61: TCK
B62: 61 | C62: GPIO37/ OUTPUTXBAR2/ I2CA_SCL/ SCIA_TX/ CANA_TX/ LINA_TX/ EQEP1_B/ PMBUSA_ALERT/ TDO | D62: =IF(COUNTIF(Assign!$E:$E,B62)=1,"Occupied",IF(COUNTIF(Assign!$E:$E,B62)=0,"Not Used","Duplicate definitions")) -> Occupied
B63: 62 | C63: TMS
B64: 63 | C64: GPIO35/ SCIA_RX/ I2CA_SDA/ CANA_RX/ PMBUSA_SCL/ LINA_RX/ EQEP1_A/ PMBUSA_CTL/ TDI | D64: =IF(COUNTIF(Assign!$E:$E,B64)=1,"Occupied",IF(COUNTIF(Assign!$E:$E,B64)=0,"Not Used","Duplicate definitions")) -> Occupied
B65: 64 | C65: GPIO32/ I2CA_SDA/ SPIB_CLK/ EPWM8_B/ LINA_TX/ SD1_D3/ FSIRXA_D0/ CANA_TX | D65: =IF(COUNTIF(Assign!$E:$E,B65)=1,"Occupied",IF(COUNTIF(Assign!$E:$E,B65)=0,"Not Used","Duplicate definitions")) -> Occupied
B66: 65 | C66: GPIO56/ SPIA_CLK/ EQEP2_STROBE/ SCIB_TX/ SD1_D3/ SPIB_SIMO/ EQEP1_A | D66: =IF(COUNTIF(Assign!$E:$E,B66)=1,"Occupied",IF(COUNTIF(Assign!$E:$E,B66)=0,"Not Used","Duplicate definitions")) -> Not Used
B67: 66 | C67: GPIO57/ SPIA_STE/ EQEP2_INDEX/ SCIB_RX/ SD1_C3/ SPIB_SOMI/ EQEP1_B | D67: =IF(COUNTIF(Assign!$E:$E,B67)=1,"Occupied",IF(COUNTIF(Assign!$E:$E,B67)=0,"Not Used","Duplicate definitions")) -> Not Used
B68: 67 | C68: GPIO58/ OUTPUTXBAR1/ SPIB_CLK/ SD1_D4/ LINA_TX/ CANB_TX/ EQEP1_STROBE | D68: =IF(COUNTIF(Assign!$E:$E,B68)=1,"Occupied",IF(COUNTIF(Assign!$E:$E,B68)=0,"Not Used","Duplicate definitions")) -> Not Used
B69: 68 | C69: GPIO18_X2/ SPIA_CLK/ SCIB_TX/ CANA_RX/ EPWM6_A/ I2CA_SCL/ SD1_D2/ EQEP2_A/ PMBUSA_CTL/ XCLKOUT/ X2 | D69: =IF(COUNTIF(Assign!$E:$E,B69)=1,"Occupied",IF(COUNTIF(Assign!$E:$E,B69)=0,"Not Used","Duplicate definitions")) -> Occupied
B70: 69 | C70: X1
B71: 70 | C71: VDDIO
B72: 71 | C72: VDD
B73: 72 | C73: VSS
B74: 73 | C74: VREGENZ
B75: 74 | C75: GPIO8/ EPWM5_A/ CANB_TX/ ADCSOCAO/ EQEP1_STROBE/ SCIA_TX/ SPIA_SIMO/ I2CA_SCL/ FSITXA_D1 | D75: =IF(COUNTIF(Assign!$E:$E,B75)=1,"Occupied",IF(COUNTIF(Assign!$E:$E,B75)=0,"Not Used","Duplicate definitions")) -> Not Used
B76: 75 | C76: GPIO4/ EPWM3_A/ OUTPUTXBAR3/ CANA_TX/ FSIRXA_CLK | D76: =IF(COUNTIF(Assign!$E:$E,B76)=1,"Occupied",IF(COUNTIF(Assign!$E:$E,B76)=0,"Not Used","Duplicate definitions")) -> Occupied
B77: 76 | C77: GPIO3/ EPWM2_B/ OUTPUTXBAR2/ PMBUSA_SCL/ SPIA_CLK/ SCIA_RX/ FSIRXA_D0 | D77: =IF(COUNTIF(Assign!$E:$E,B77)=1,"Occupied",IF(COUNTIF(Assign!$E:$E,B77)=0,"Not Used","Duplicate definitions")) -> Not Used
B78: 77 | C78: GPIO2/ EPWM2_A/ OUTPUTXBAR1/ PMBUSA_SDA/ SCIA_TX/ FSIRXA_D1 | D78: =IF(COUNTIF(Assign!$E:$E,B78)=1,"Occupied",IF(COUNTIF(Assign!$E:$E,B78)=0,"Not Used","Duplicate definitions")) -> Occupied
B79: 78 | C79: GPIO1/ EPWM1_B/ I2CA_SCL | D79: =IF(COUNTIF(Assign!$E:$E,B79)=1,"Occupied",IF(COUNTIF(Assign!$E:$E,B79)=0,"Not Used","Duplicate definitions")) -> Not Used
B80: 79 | C80: GPIO0/ EPWM1_A/ I2CA_SDA | D80: =IF(COUNTIF(Assign!$E:$E,B80)=1,"Occupied",IF(COUNTIF(Assign!$E:$E,B80)=0,"Not Used","Duplicate definitions")) -> Occupied
B81: 80 | C81: VDDIO_SW
B82: 81 | C82: GPIO23_VSW/ VSW | D82: =IF(COUNTIF(Assign!$E:$E,B82)=1,"Occupied",IF(COUNTIF(Assign!$E:$E,B82)=0,"Not Used","Duplicate definitions")) -> Not Used
B83: 82 | C83: VSS_SW
B84: 83 | C84: GPIO22_VFBSW/ EQEP1_STROBE/ SCIB_TX/ SPIB_CLK/ SD1_D4/ LINA_TX/ VFBSW | D84: =IF(COUNTIF(Assign!$E:$E,B84)=1,"Occupied",IF(COUNTIF(Assign!$E:$E,B84)=0,"Not Used","Duplicate definitions")) -> Not Used
B85: 84 | C85: GPIO7/ EPWM4_B/ OUTPUTXBAR5/ EQEP1_B/ CANB_RX/ SPIB_SIMO/ FSITXA_CLK | D85: =IF(COUNTIF(Assign!$E:$E,B85)=1,"Occupied",IF(COUNTIF(Assign!$E:$E,B85)=0,"Not Used","Duplicate definitions")) -> Not Used
B86: 85 | C86: GPIO40/ PMBUSA_SDA/ FSIRXA_D0/ SCIB_TX/ EQEP1_A | D86: =IF(COUNTIF(Assign!$E:$E,B86)=1,"Occupied",IF(COUNTIF(Assign!$E:$E,B86)=0,"Not Used","Duplicate definitions")) -> Not Used
B87: 86 | C87: VSS
B88: 87 | C88: VDD
B89: 88 | C89: VDDIO
B90: 89 | C90: GPIO5/ EPWM3_B/ OUTPUTXBAR3/ CANA_RX/ SPIA_STE/ FSITXA_D1 | D90: =IF(COUNTIF(Assign!$E:$E,B90)=1,"Occupied",IF(COUNTIF(Assign!$E:$E,B90)=0,"Not Used","Duplicate definitions")) -> Not Used
B91: 90 | C91: GPIO9/ EPWM5_B/ SCIB_TX/ OUTPUTXBAR6/ EQEP1_INDEX/ SCIA_RX/ SPIA_CLK/ FSITXA_D0 | D91: =IF(COUNTIF(Assign!$E:$E,B91)=1,"Occupied",IF(COUNTIF(Assign!$E:$E,B91)=0,"Not Used","Duplicate definitions")) -> Occupied
B92: 91 | C92: GPIO39/ CANB_RX/ FSIRXA_CLK | D92: =IF(COUNTIF(Assign!$E:$E,B92)=1,"Occupied",IF(COUNTIF(Assign!$E:$E,B92)=0,"Not Used","Duplicate definitions")) -> Occupied
B93: 92 | C93: GPIO59/ OUTPUTXBAR2/ SPIB_STE/ SD1_C4/ LINA_RX/ CANB_RX/ EQEP1_INDEX | D93: =IF(COUNTIF(Assign!$E:$E,B93)=1,"Occupied",IF(COUNTIF(Assign!$E:$E,B93)=0,"Not Used","Duplicate definitions")) -> Occupied
B94: 93 | C94: GPIO10/ EPWM6_A/ CANB_RX/ ADCSOCBO/ EQEP1_A/ SCIB_TX/ SPIA_SOMI/ I2CA_SDA/ FSITXA_CLK | D94: =IF(COUNTIF(Assign!$E:$E,B94)=1,"Occupied",IF(COUNTIF(Assign!$E:$E,B94)=0,"Not Used","Duplicate definitions")) -> Occupied
B95: 94 | C95: GPIO34/ OUTPUTXBAR1/ PMBUSA_SDA | D95: =IF(COUNTIF(Assign!$E:$E,B95)=1,"Occupied",IF(COUNTIF(Assign!$E:$E,B95)=0,"Not Used","Duplicate definitions")) -> Occupied
B96: 95 | C96: GPIO15/ EPWM8_B/ SCIB_RX/ OUTPUTXBAR4/ PMBUSA_SCL/ SPIB_STE/ EQEP2_B | D96: =IF(COUNTIF(Assign!$E:$E,B96)=1,"Occupied",IF(COUNTIF(Assign!$E:$E,B96)=0,"Not Used","Duplicate definitions")) -> Occupied
B97: 96 | C97: GPIO14/ EPWM8_A/ SCIB_TX/ OUTPUTXBAR3/ PMBUSA_SDA/ SPIB_CLK/ EQEP2_A | D97: =IF(COUNTIF(Assign!$E:$E,B97)=1,"Occupied",IF(COUNTIF(Assign!$E:$E,B97)=0,"Not Used","Duplicate definitions")) -> Occupied
B98: 97 | C98: GPIO6/ EPWM4_A/ OUTPUTXBAR4/ SYNCOUT/ EQEP1_A/ CANB_TX/ SPIB_SOMI/ FSITXA_D0 | D98: =IF(COUNTIF(Assign!$E:$E,B98)=1,"Occupied",IF(COUNTIF(Assign!$E:$E,B98)=0,"Not Used","Duplicate definitions")) -> Occupied
B99: 98 | C99: GPIO30/ CANA_RX/ SPIB_SIMO/ OUTPUTXBAR7/ EQEP1_STROBE/ SD1_D4 | D99: =IF(COUNTIF(Assign!$E:$E,B99)=1,"Occupied",IF(COUNTIF(Assign!$E:$E,B99)=0,"Not Used","Duplicate definitions")) -> Not Used
B100: 99 | C100: GPIO31/ CANA_TX/ SPIB_SOMI/ OUTPUTXBAR8/ EQEP1_INDEX/ SD1_C4/ FSIRXA_D1 | D100: =IF(COUNTIF(Assign!$E:$E,B100)=1,"Occupied",IF(COUNTIF(Assign!$E:$E,B100)=0,"Not Used","Duplicate definitions")) -> Occupied
...

Sheet Assign
B1: PIN | C1: Name | D1: Set | E1: Asserted | F1: Index
B2: JTAG: | D2: =COUNTIF(D3:D4,"v") -> 2 | E2: =IF(D2="v",B2,"") | F2: =IF(B2=E2,F1+1,IF(ISNUMBER(B2),F1,)) -> 0
B3: 63 | C3: GPIO35/ SCIA_RX/ I2CA_SDA/ CANA_RX/ PMBUSA_SCL/ LINA_RX/ EQEP1_A/ PMBUSA_CTL/ TDI | D3: v | E3: =IF(D3="v",B3,"") -> 63 | F3: =IF(B3=E3,F2+1,IF(ISNUMBER(B3),F2,)) -> 1
B4: 61 | C4: GPIO37/ OUTPUTXBAR2/ I2CA_SCL/ SCIA_TX/ CANA_TX/ LINA_TX/ EQEP1_B/ PMBUSA_ALERT/ TDO | D4: v | E4: =IF(D4="v",B4,"") -> 61 | F4: =IF(B4=E4,F3+1,IF(ISNUMBER(B4),F3,)) -> 2
B5: CLOCK: | D5: =COUNTIF(D6:D6,"v") -> 1 | E5: =IF(D5="v",B5,"") | F5: =IF(B5=E5,F4+1,IF(ISNUMBER(B5),F4,)) -> 0
B6: 68 | C6: GPIO18_X2/ SPIA_CLK/ SCIB_TX/ CANA_RX/ EPWM6_A/ I2CA_SCL/ SD1_D2/ EQEP2_A/ PMBUSA_CTL/ XCLKOUT/ X2 | D6: v | E6: =IF(D6="v",B6,"") -> 68 | F6: =IF(B6=E6,F5+1,IF(ISNUMBER(B6),F5,)) -> 1
B7: DEFAULT BOOT MODE SELECT: | D7: =COUNTIF(D8:D9,"v") -> 2 | E7: =IF(D7="v",B7,"") | F7: =IF(B7=E7,F6+1,IF(ISNUMBER(B7),F6,)) -> 0
B8: 56 | C8: GPIO24/ OUTPUTXBAR1/ EQEP2_A/ EPWM8_A/ SPIB_SIMO/ SD1_D1/ PMBUSA_SCL/ SCIA_TX/ ERRORSTS | D8: v | E8: =IF(D8="v",B8,"") -> 56 | F8: =IF(B8=E8,F7+1,IF(ISNUMBER(B8),F7,)) -> 1
B9: 64 | C9: GPIO32/ I2CA_SDA/ SPIB_CLK/ EPWM8_B/ LINA_TX/ SD1_D3/ FSIRXA_D0/ CANA_TX | D9: v | E9: =IF(D9="v",B9,"") -> 64 | F9: =IF(B9=E9,F8+1,IF(ISNUMBER(B9),F8,)) -> 2
B10: ADC: | D10: =COUNTIF(D11:D31,"v") -> 9 | E10: =IF(D10="v",B10,"") | F10: =IF(B10=E10,F9+1,IF(ISNUMBER(B10),F9,)) -> 0
B11: 6 | C11: A6/ PGA5_OF/ CMP5_HP0/ CMP5_LP0/ AIO228 | E11: =IF(D11="v",B11,"") | F11: =IF(B11=E11,F10+1,IF(ISNUMBER(B11),F10,)) -> 0
B12: 7 | C12: B2/ C6/ PGA3_OF/ CMP3_HP0/ CMP3_LP0/ AIO226 | E12: =IF(D12="v",B12,"") | F12: =IF(B12=E12,F11+1,IF(ISNUMBER(B12),F11,)) -> 0
B13: 8 | C13: B3/ VDAC/ CMP3_HP3/ CMP3_HN0/ CMP3_LP3/ CMP3_LN0/ AIO242 | E13: =IF(D13="v",B13,"") | F13: =IF(B13=E13,F12+1,IF(ISNUMBER(B13),F12,)) -> 0
B14: 9 | C14: A2/ B6/ PGA1_OF/ CMP1_HP0/ CMP1_LP0/ AIO224 | E14: =IF(D14="v",B14,"") | F14: =IF(B14=E14,F13+1,IF(ISNUMBER(B14),F13,)) -> 0
B15: 10 | C15: A3/ CMP1_HP3/ CMP1_HN0/ CMP1_LP3/ CMP1_LN0/ AIO233 | E15: =IF(D15="v",B15,"") | F15: =IF(B15=E15,F14+1,IF(ISNUMBER(B15),F14,)) -> 0
B16: 17 | C16: C4/ CMP5_HP1/ CMP5_HN1/ CMP5_LP1/ CMP5_LN1/ AIO239 | D16: v | E16: =IF(D16="v",B16,"") -> 17 | F16: =IF(B16=E16,F15+1,IF(ISNUMBER(B16),F15,)) -> 1
B17: 19 | C17: C0/ CMP1_HP1/ CMP1_HN1/ CMP1_LP1/ CMP1_LN1/ AIO237 | D17: v | E17: =IF(D17="v",B17,"") -> 19 | F17: =IF(B17=E17,F16+1,IF(ISNUMBER(B17),F16,)) -> 2
B18: 21 | C18: C2/ CMP3_HP1/ CMP3_HN1/ CMP3_LP1/ CMP3_LN1/ AIO244 | D18: v | E18: =IF(D18="v",B18,"") -> 21 | F18: =IF(B18=E18,F17+1,IF(ISNUMBER(B18),F17,)) -> 3
B19: 22 | C19: A1/ DACB_OUT/ AIO232 | E19: =IF(D19="v",B19,"") | F19: =IF(B19=E19,F18+1,IF(ISNUMBER(B19),F18,)) -> 3
B20: 23 | C20: A0/ B15/ C15/ DACA_OUT/ AIO231 | E20: =IF(D20="v",B20,"") | F20: =IF(B20=E20,F19+1,IF(ISNUMBER(B20),F19,)) -> 3
B21: 28 | C21: C5/ CMP6_HP1/ CMP6_HN1/ CMP6_LP1/ CMP6_LN1/ PGA6_IN/ CMP6_HP2/ CMP6_LP2/ AIO240 | E21: =IF(D21="v",B21,"") | F21: =IF(B21=E21,F20+1,IF(ISNUMBER(B21),F20,)) -> 3
B22: 29 | C22: C1/ CMP2_HP1/ CMP2_HN1/ CMP2_LP1/ CMP2_LN1/ AIO238 | D22: v | E22: =IF(D22="v",B22,"") -> 29 | F22: =IF(B22=E22,F21+1,IF(ISNUMBER(B22),F21,)) -> 4
B23: 31 | C23: C3/ CMP4_HP1/ CMP4_HN1/ CMP4_LP1/ CMP4_LN1/ PGA4_IN/ CMP4_HP2/ CMP4_LP2/ AIO245 | D23: v | E23: =IF(D23="v",B23,"") -> 31 | F23: =IF(B23=E23,F22+1,IF(ISNUMBER(B23),F22,)) -> 5
B24: 35 | C24: A5/ CMP2_HP3/ CMP2_HN0/ CMP2_LP3/ CMP2_LN0/ AIO234 | E24: =IF(D24="v",B24,"") | F24: =IF(B24=E24,F23+1,IF(ISNUMBER(B24),F23,)) -> 5
B25: 36 | C25: A4/ B8/ PGA2_OF/ CMP2_HP0/ CMP2_LP0/ AIO225 | D25: v | E25: =IF(D25="v",B25,"") -> 36 | F25: =IF(B25=E25,F24+1,IF(ISNUMBER(B25),F24,)) -> 6
B26: 37 | C26: A8/ PGA6_OF/ CMP6_HP0/ CMP6_LP0/ AIO229 | D26: v | E26: =IF(D26="v",B26,"") -> 37 | F26: =IF(B26=E26,F25+1,IF(ISNUMBER(B26),F25,)) -> 7
B27: 38 | C27: A9/ CMP6_HP3/ CMP6_HN0/ CMP6_LP3/ CMP6_LN0/ AIO236 | D27: v | E27: =IF(D27="v",B27,"") -> 38 | F27: =IF(B27=E27,F26+1,IF(ISNUMBER(B27),F26,)) -> 8
B28: 39 | C28: B4/ C8/ PGA4_OF/ CMP4_HP0/ CMP4_LP0/ AIO227 | E28: =IF(D28="v",B28,"") | F28: =IF(B28=E28,F27+1,IF(ISNUMBER(B28),F27,)) -> 8
B29: 40 | C29: A10/ B1/ C10/ PGA7_OF/ CMP7_HP0/ CMP7_LP0/ AIO230 | E29: =IF(D29="v",B29,"") | F29: =IF(B29=E29,F28+1,IF(ISNUMBER(B29),F28,)) -> 8
B30: 41 | C30: B0/ CMP7_HP3/ CMP7_HN0/ CMP7_LP3/ CMP7_LN0/ AIO241 | D30: v | E30: =IF(D30="v",B30,"") -> 41 | F30: =IF(B30=E30,F29+1,IF(ISNUMBER(B30),F29,)) -> 9
B31: 44 | C31: C14/ CMP7_HP1/ CMP7_HN1/ CMP7_LP1/ CMP7_LN1/ AIO246 | E31: =IF(D31="v",B31,"") | F31: =IF(B31=E31,F30+1,IF(ISNUMBER(B31),F30,)) -> 9
B32: COMP: | D32: =COUNTIF(D33:D56,"v") -> 4 | E32: =IF(D32="v",B32,"") | F32: =IF(B32=E32,F31+1,IF(ISNUMBER(B32),F31,)) -> 0
B33: 6 | C33: A6/ PGA5_OF/ CMP5_HP0/ CMP5_LP0/ AIO228 | E33: =IF(D33="v",B33,"") | F33: =IF(B33=E33,F32+1,IF(ISNUMBER(B33),F32,)) -> 0
B34: 7 | C34: B2/ C6/ PGA3_OF/ CMP3_HP0/ CMP3_LP0/ AIO226 | E34: =IF(D34="v",B34,"") | F34: =IF(B34=E34,F33+1,IF(ISNUMBER(B34),F33,)) -> 0
B35: 8 | C35: B3/ VDAC/ CMP3_HP3/ CMP3_HN0/ CMP3_LP3/ CMP3_LN0/ AIO242 | E35: =IF(D35="v",B35,"") | F35: =IF(B35=E35,F34+1,IF(ISNUMBER(B35),F34,)) -> 0
B36: 9 | C36: A2/ B6/ PGA1_OF/ CMP1_HP0/ CMP1_LP0/ AIO224 | E36: =IF(D36="v",B36,"") | F36: =IF(B36=E36,F35+1,IF(ISNUMBER(B36),F35,)) -> 0
B37: 10 | C37: A3/ CMP1_HP3/ CMP1_HN0/ CMP1_LP3/ CMP1_LN0/ AIO233 | D37: v | E37: =IF(D37="v",B37,"") -> 10 | F37: =IF(B37=E37,F36+1,IF(ISNUMBER(B37),F36,)) -> 1
B38: 16 | C38: PGA5_IN/ CMP5_HP2/ CMP5_LP2 | E38: =IF(D38="v",B38,"") | F38: =IF(B38=E38,F37+1,IF(ISNUMBER(B38),F37,)) -> 1
B39: 17 | C39: C4/ CMP5_HP1/ CMP5_HN1/ CMP5_LP1/ CMP5_LN1/ AIO239 | E39: =IF(D39="v",B39,"") | F39: =IF(B39=E39,F38+1,IF(ISNUMBER(B39),F38,)) -> 1
B40: 18 | C40: PGA1_IN/ CMP1_HP2/ CMP1_LP2 | E40: =IF(D40="v",B40,"") | F40: =IF(B40=E40,F39+1,IF(ISNUMBER(B40),F39,)) -> 1
B41: 19 | C41: C0/ CMP1_HP1/ CMP1_HN1/ CMP1_LP1/ CMP1_LN1/ AIO237 | E41: =IF(D41="v",B41,"") | F41: =IF(B41=E41,F40+1,IF(ISNUMBER(B41),F40,)) -> 1
B42: 20 | C42: PGA3_IN/ CMP3_HP2/ CMP3_LP2 | E42: =IF(D42="v",B42,"") | F42: =IF(B42=E42,F41+1,IF(ISNUMBER(B42),F41,)) -> 1
B43: 21 | C43: C2/ CMP3_HP1/ CMP3_HN1/ CMP3_LP1/ CMP3_LN1/ AIO244 | E43: =IF(D43="v",B43,"") | F43: =IF(B43=E43,F42+1,IF(ISNUMBER(B43),F42,)) -> 1
B44: 28 | C44: C5/ CMP6_HP1/ CMP6_HN1/ CMP6_LP1/ CMP6_LN1/ PGA6_IN/ CMP6_HP2/ CMP6_LP2/ AIO240 | D44: v | E44: =IF(D44="v",B44,"") -> 28 | F44: =IF(B44=E44,F43+1,IF(ISNUMBER(B44),F43,)) -> 2
B45: 29 | C45: C1/ CMP2_HP1/ CMP2_HN1/ CMP2_LP1/ CMP2_LN1/ AIO238 | E45: =IF(D45="v",B45,"") | F45: =IF(B45=E45,F44+1,IF(ISNUMBER(B45),F44,)) -> 2
B46: 30 | C46: PGA2_IN/ CMP2_HP2/ CMP2_LP2 | E46: =IF(D46="v",B46,"") | F46: =IF(B46=E46,F45+1,IF(ISNUMBER(B46),F45,)) -> 2
B47: 31 | C47: C3/ CMP4_HP1/ CMP4_HN1/ CMP4_LP1/ CMP4_LN1/ PGA4_IN/ CMP4_HP2/ CMP4_LP2/ AIO245 | E47: =IF(D47="v",B47,"") | F47: =IF(B47=E47,F46+1,IF(ISNUMBER(B47),F46,)) -> 2
B48: 35 | C48: A5/ CMP2_HP3/ CMP2_HN0/ CMP2_LP3/ CMP2_LN0/ AIO234 | D48: v | E48: =IF(D48="v",B48,"") -> 35 | F48: =IF(B48=E48,F47+1,IF(ISNUMBER(B48),F47,)) -> 3
B49: 36 | C49: A4/ B8/ PGA2_OF/ CMP2_HP0/ CMP2_LP0/ AIO225 | E49: =IF(D49="v",B49,"") | F49: =IF(B49=E49,F48+1,IF(ISNUMBER(B49),F48,)) -> 3
B50: 37 | C50: A8/ PGA6_OF/ CMP6_HP0/ CMP6_LP0/ AIO229 | E50: =IF(D50="v",B50,"") | F50: =IF(B50=E50,F49+1,IF(ISNUMBER(B50),F49,)) -> 3
B51: 38 | C51: A9/ CMP6_HP3/ CMP6_HN0/ CMP6_LP3/ CMP6_LN0/ AIO236 | E51: =IF(D51="v",B51,"") | F51: =IF(B51=E51,F50+1,IF(ISNUMBER(B51),F50,)) -> 3
B52: 39 | C52: B4/ C8/ PGA4_OF/ CMP4_HP0/ CMP4_LP0/ AIO227 | E52: =IF(D52="v",B52,"") | F52: =IF(B52=E52,F51+1,IF(ISNUMBER(B52),F51,)) -> 3
B53: 40 | C53: A10/ B1/ C10/ PGA7_OF/ CMP7_HP0/ CMP7_LP0/ AIO230 | E53: =IF(D53="v",B53,"") | F53: =IF(B53=E53,F52+1,IF(ISNUMBER(B53),F52,)) -> 3
B54: 41 | C54: B0/ CMP7_HP3/ CMP7_HN0/ CMP7_LP3/ CMP7_LN0/ AIO241 | E54: =IF(D54="v",B54,"") | F54: =IF(B54=E54,F53+1,IF(ISNUMBER(B54),F53,)) -> 3
B55: 43 | C55: PGA7_IN/ CMP7_HP2/ CMP7_LP2 | E55: =IF(D55="v",B55,"") | F55: =IF(B55=E55,F54+1,IF(ISNUMBER(B55),F54,)) -> 3
B56: 44 | C56: C14/ CMP7_HP1/ CMP7_HN1/ CMP7_LP1/ CMP7_LN1/ AIO246 | D56: v | E56: =IF(D56="v",B56,"") -> 44 | F56: =IF(B56=E56,F55+1,IF(ISNUMBER(B56),F55,)) -> 4
B57: PGA: | D57: =COUNTIF(D58:D76,"v") -> 0 | E57: =IF(D57="v",B57,"") | F57: =IF(B57=E57,F56+1,IF(ISNUMBER(B57),F56,)) -> 0
B58: 6 | C58: A6/ PGA5_OF/ CMP5_HP0/ CMP5_LP0/ AIO228 | E58: =IF(D58="v",B58,"") | F58: =IF(B58=E58,F57+1,IF(ISNUMBER(B58),F57,)) -> 0
B59: 7 | C59: B2/ C6/ PGA3_OF/ CMP3_HP0/ CMP3_LP0/ AIO226 | E59: =IF(D59="v",B59,"") | F59: =IF(B59=E59,F58+1,IF(ISNUMBER(B59),F58,)) -> 0
B60: 9 | C60: A2/ B6/ PGA1_OF/ CMP1_HP0/ CMP1_LP0/ AIO224 | E60: =IF(D60="v",B60,"") | F60: =IF(B60=E60,F59+1,IF(ISNUMBER(B60),F59,)) -> 0
B61: 13 | C61: PGA5_GND | E61: =IF(D61="v",B61,"") | F61: =IF(B61=E61,F60+1,IF(ISNUMBER(B61),F60,)) -> 0
B62: 14 | C62: PGA1_GND | E62: =IF(D62="v",B62,"") | F62: =IF(B62=E62,F61+1,IF(ISNUMBER(B62),F61,)) -> 0
B63: 15 | C63: PGA3_GND | E63: =IF(D63="v",B63,"") | F63: =IF(B63=E63,F62+1,IF(ISNUMBER(B63),F62,)) -> 0
B64: 16 | C64: PGA5_IN/ CMP5_HP2/ CMP5_LP2 | E64: =IF(D64="v",B64,"") | F64: =IF(B64=E64,F63+1,IF(ISNUMBER(B64),F63,)) -> 0
B65: 18 | C65: PGA1_IN/ CMP1_HP2/ CMP1_LP2 | E65: =IF(D65="v",B65,"") | F65: =IF(B65=E65,F64+1,IF(ISNUMBER(B65),F64,)) -> 0
B66: 20 | C66: PGA3_IN/ CMP3_HP2/ CMP3_LP2 | E66: =IF(D66="v",B66,"") | F66: =IF(B66=E66,F65+1,IF(ISNUMBER(B66),F65,)) -> 0
B67: 28 | C67: C5/ CMP6_HP1/ CMP6_HN1/ CMP6_LP1/ CMP6_LN1/ PGA6_IN/ CMP6_HP2/ CMP6_LP2/ AIO240 | E67: =IF(D67="v",B67,"") | F67: =IF(B67=E67,F66+1,IF(ISNUMBER(B67),F66,)) -> 0
B68: 30 | C68: PGA2_IN/ CMP2_HP2/ CMP2_LP2 | E68: =IF(D68="v",B68,"") | F68: =IF(B68=E68,F67+1,IF(ISNUMBER(B68),F67,)) -> 0
B69: 31 | C69: C3/ CMP4_HP1/ CMP4_HN1/ CMP4_LP1/ CMP4_LN1/ PGA4_IN/ CMP4_HP2/ CMP4_LP2/ AIO245 | E69: =IF(D69="v",B69,"") | F69: =IF(B69=E69,F68+1,IF(ISNUMBER(B69),F68,)) -> 0
... B76: 43 | C76: PGA7_IN/ CMP7_HP2/ CMP7_LP2 | E76: =IF(D76="v",B76,"") | F76: =IF(B76=E76,F75+1,IF(ISNUMBER(B76),F75,)) -> 0
B77: DAC: | D77: =COUNTIF(D78:D80,"v") -> 2 | E77: =IF(D77="v",B77,"") | F77: =IF(B77=E77,F76+1,IF(ISNUMBER(B77),F76,)) -> 0
B78: 8 | C78: B3/ VDAC/ CMP3_HP3/ CMP3_HN0/ CMP3_LP3/ CMP3_LN0/ AIO242 | E78: =IF(D78="v",B78,"") | F78: =IF(B78=E78,F77+1,IF(ISNUMBER(B78),F77,)) -> 0
B79: 22 | C79: A1/ DACB_OUT/ AIO232 | D79: v | E79: =IF(D79="v",B79,"") -> 22 | F79: =IF(B79=E79,F78+1,IF(ISNUMBER(B79),F78,)) -> 1
B80: 23 | C80: A0/ B15/ C15/ DACA_OUT/ AIO231 | D80: v | E80: =IF(D80="v",B80,"") -> 23 | F80: =IF(B80=E80,F79+1,IF(ISNUMBER(B80),F79,)) -> 2
B81: EPWM: | D81: =COUNTIF(D82:D104,"v") -> 8 | E81: =IF(D81="v",B81,"") | F81: =IF(B81=E81,F80+1,IF(ISNUMBER(B81),F80,)) -> 0
B82: 1 | C82: GPIO28/ SCIA_RX/ EPWM7_A/ OUTPUTXBAR5/ EQEP1_A/ SD1_D3/ EQEP2_STROBE/ LINA_TX/ SPIB_CLK/ ERRORSTS | D82: v | E82: =IF(D82="v",B82,"") -> 1 | F82: =IF(B82=E82,F81+1,IF(ISNUMBER(B82),F81,)) -> 1
B83: 50 | C83: GPIO13/ EPWM7_B/ CANB_RX/ EQEP1_INDEX/ SCIB_RX/ PMBUSA_ALERT/ FSIRXA_CLK | E83: =IF(D83="v",B83,"") | F83: =IF(B83=E83,F82+1,IF(ISNUMBER(B83),F82,)) -> 1
B84: 51 | C84: GPIO12/ EPWM7_A/ CANB_TX/ EQEP1_STROBE/ SCIB_TX/ PMBUSA_CTL/ FSIRXA_D0 | E84: =IF(D84="v",B84,"") | F84: =IF(B84=E84,F83+1,IF(ISNUMBER(B84),F83,)) -> 1
B85: 52 | C85: GPIO11/ EPWM6_B/ SCIB_RX/ OUTPUTXBAR7/ EQEP1_B/ SPIA_STE/ FSIRXA_D1 | D85: v | E85: =IF(D85="v",B85,"") -> 52 | F85: =IF(B85=E85,F84+1,IF(ISNUMBER(B85),F84,)) -> 2
B86: 54 | C86: GPIO16/ SPIA_SIMO/ CANB_TX/ OUTPUTXBAR7/ EPWM5_A/ SCIA_TX/ SD1_D1/ EQEP1_STROBE/ PMBUSA_SCL/ XCLKOUT | E86: =IF(D86="v",B86,"") | F86: =IF(B86=E86,F85+1,IF(ISNUMBER(B86),F85,)) -> 2
B87: 55 | C87: GPIO17/ SPIA_SOMI/ CANB_RX/ OUTPUTXBAR8/ EPWM5_B/ SCIA_RX/ SD1_C1/ EQEP1_INDEX/ PMBUSA_SDA | E87: =IF(D87="v",B87,"") | F87: =IF(B87=E87,F86+1,IF(ISNUMBER(B87),F86,)) -> 2
B88: 56 | C88: GPIO24/ OUTPUTXBAR1/ EQEP2_A/ EPWM8_A/ SPIB_SIMO/ SD1_D1/ PMBUSA_SCL/ SCIA_TX/ ERRORSTS | E88: =IF(D88="v",B88,"") | F88: =IF(B88=E88,F87+1,IF(ISNUMBER(B88),F87,)) -> 2
B89: 64 | C89: GPIO32/ I2CA_SDA/ SPIB_CLK/ EPWM8_B/ LINA_TX/ SD1_D3/ FSIRXA_D0/ CANA_TX | E89: =IF(D89="v",B89,"") | F89: =IF(B89=E89,F88+1,IF(ISNUMBER(B89),F88,)) -> 2
B90: 68 | C90: GPIO18_X2/ SPIA_CLK/ SCIB_TX/ CANA_RX/ EPWM6_A/ I2CA_SCL/ SD1_D2/ EQEP2_A/ PMBUSA_CTL/ XCLKOUT/ X2 | E90: =IF(D90="v",B90,"") | F90: =IF(B90=E90,F89+1,IF(ISNUMBER(B90),F89,)) -> 2
B91: 74 | C91: GPIO8/ EPWM5_A/ CANB_TX/ ADCSOCAO/ EQEP1_STROBE/ SCIA_TX/ SPIA_SIMO/ I2CA_SCL/ FSITXA_D1 | E91: =IF(D91="v",B91,"") | F91: =IF(B91=E91,F90+1,IF(ISNUMBER(B91),F90,)) -> 2
B92: 75 | C92: GPIO4/ EPWM3_A/ OUTPUTXBAR3/ CANA_TX/ FSIRXA_CLK | D92: v | E92: =IF(D92="v",B92,"") -> 75 | F92: =IF(B92=E92,F91+1,IF(ISNUMBER(B92),F91,)) -> 3
B93: 76 | C93: GPIO3/ EPWM2_B/ OUTPUTXBAR2/ PMBUSA_SCL/ SPIA_CLK/ SCIA_RX/ FSIRXA_D0 | E93: =IF(D93="v",B93,"") | F93: =IF(B93=E93,F92+1,IF(ISNUMBER(B93),F92,)) -> 3
B94: 77 | C94: GPIO2/ EPWM2_A/ OUTPUTXBAR1/ PMBUSA_SDA/ SCIA_TX/ FSIRXA_D1 | D94: v | E94: =IF(D94="v",B94,"") -> 77 | F94: =IF(B94=E94,F93+1,IF(ISNUMBER(B94),F93,)) -> 4
B95: 78 | C95: GPIO1/ EPWM1_B/ I2CA_SCL | E95: =IF(D95="v",B95,"") | F95: =IF(B95=E95,F94+1,IF(ISNUMBER(B95),F94,)) -> 4
B96: 79 | C96: GPIO0/ EPWM1_A/ I2CA_SDA | D96: v | E96: =IF(D96="v",B96,"") -> 79 | F96: =IF(B96=E96,F95+1,IF(ISNUMBER(B96),F95,)) -> 5
B97: 84 | C97: GPIO7/ EPWM4_B/ OUTPUTXBAR5/ EQEP1_B/ CANB_RX/ SPIB_SIMO/ FSITXA_CLK | E97: =IF(D97="v",B97,"") | F97: =IF(B97=E97,F96+1,IF(ISNUMBER(B97),F96,)) -> 5
B98: 89 | C98: GPIO5/ EPWM3_B/ OUTPUTXBAR3/ CANA_RX/ SPIA_STE/ FSITXA_D1 | E98: =IF(D98="v",B98,"") | F98: =IF(B98=E98,F97+1,IF(ISNUMBER(B98),F97,)) -> 5
B99: 90 | C99: GPIO9/ EPWM5_B/ SCIB_TX/ OUTPUTXBAR6/ EQEP1_INDEX/ SCIA_RX/ SPIA_CLK/ FSITXA_D0 | E99: =IF(D99="v",B99,"") | F99: =IF(B99=E99,F98+1,IF(ISNUMBER(B99),F98,)) -> 5
B100: 93 | C100: GPIO10/ EPWM6_A/ CANB_RX/ ADCSOCBO/ EQEP1_A/ SCIB_TX/ SPIA_SOMI/ I2CA_SDA/ FSITXA_CLK | D100: v | E100: =IF(D100="v",B100,"") -> 93 | F100: =IF(B100=E100,F99+1,IF(ISNUMBER(B100),F99,)) -> 6
B101: 95 | C101: GPIO15/ EPWM8_B/ SCIB_RX/ OUTPUTXBAR4/ PMBUSA_SCL/ SPIB_STE/ EQEP2_B | E101: =IF(D101="v",B101,"") | F101: =IF(B101=E101,F100+1,IF(ISNUMBER(B101),F100,)) -> 6
B102: 96 | C102: GPIO14/ EPWM8_A/ SCIB_TX/ OUTPUTXBAR3/ PMBUSA_SDA/ SPIB_CLK/ EQEP2_A | E102: =IF(D102="v",B102,"") | F102: =IF(B102=E102,F101+1,IF(ISNUMBER(B102),F101,)) -> 6
B103: 97 | C103: GPIO6/ EPWM4_A/ OUTPUTXBAR4/ SYNCOUT/ EQEP1_A/ CANB_TX/ SPIB_SOMI/ FSITXA_D0 | D103: v | E103: =IF(D103="v",B103,"") -> 97 | F103: =IF(B103=E103,F102+1,IF(ISNUMBER(B103),F102,)) -> 7
B104: 100 | C104: GPIO29/ SCIA_TX/ EPWM7_B/ OUTPUTXBAR6/ EQEP1_B/ SD1_C3/ EQEP2_INDEX/ LINA_RX/ SPIB_STE/ ERRORSTS | D104: v | E104: =IF(D104="v",B104,"") -> 100 | F104: =IF(B104=E104,F103+1,IF(ISNUMBER(B104),F103,)) -> 8
B105: SCI: | D105: =COUNTIF(D106:D128,"v") -> 2 | E105: =IF(D105="v",B105,"") | F105: =IF(B105=E105,F104+1,IF(ISNUMBER(B105),F104,)) -> 0
B106: 1 | C106: GPIO28/ SCIA_RX/ EPWM7_A/ OUTPUTXBAR5/ EQEP1_A/ SD1_D3/ EQEP2_STROBE/ LINA_TX/ SPIB_CLK/ ERRORSTS | E106: =IF(D106="v",B106,"") | F106: =IF(B106=E106,F105+1,IF(ISNUMBER(B106),F105,)) -> 0
...

Sheet ADC
B1: Index | C1: Pin | D1: Name | E1: Connect to | F1: Type | G1: Function Description
B2: 1 | C2: =IFERROR(OFFSET(Assign!$B$11,MATCH($B2,Assign!$F$11:$F$31,0)-1,0),"") -> 17 | D2: =IFERROR(OFFSET(Assign!$C$11,MATCH($B2,Assign!$F$11:$F$31,0)-1,0),"") -> C4/ CMP5_HP1/ CMP5_HN1/ CMP5_LP1/ CMP5_LN1/ AIO239 | E2: ADC_NTC_AMBF | F2: ADC | G2: Ambient temperature sensor
B3: 2 | C3: =IFERROR(OFFSET(Assign!$B$11,MATCH($B3,Assign!$F$11:$F$31,0)-1,0),"") -> 19 | D3: =IFERROR(OFFSET(Assign!$C$11,MATCH($B3,Assign!$F$11:$F$31,0)-1,0),"") -> C0/ CMP1_HP1/ CMP1_HN1/ CMP1_LP1/ CMP1_LN1/ AIO237 | E3: ADC_CT1_I_PFC | F3: ADC & CMP | G3: Inductor current of phase 1 PFC inductor current with input of CMP1_HP1
B4: 3 | C4: =IFERROR(OFFSET(Assign!$B$11,MATCH($B4,Assign!$F$11:$F$31,0)-1,0),"") -> 21 | D4: =IFERROR(OFFSET(Assign!$C$11,MATCH($B4,Assign!$F$11:$F$31,0)-1,0),"") -> C2/ CMP3_HP1/ CMP3_HN1/ CMP3_LP1/ CMP3_LN1/ AIO244 | E4: ADC_NTC_PFC | F4: ADC | G4: PFC heatsink temperature sensor
B5: 4 | C5: =IFERROR(OFFSET(Assign!$B$11,MATCH($B5,Assign!$F$11:$F$31,0)-1,0),"") -> 29 | D5: =IFERROR(OFFSET(Assign!$C$11,MATCH($B5,Assign!$F$11:$F$31,0)-1,0),"") -> C1/ CMP2_HP1/ CMP2_HN1/ CMP2_LP1/ CMP2_LN1/ AIO238 | E5: ADC_CT2_I_PFC | F5: ADC & CMP | G5: Inductor current of phase 2 PFC inductor current with input of CMP2_HP1
B6: 5 | C6: =IFERROR(OFFSET(Assign!$B$11,MATCH($B6,Assign!$F$11:$F$31,0)-1,0),"") -> 31 | D6: =IFERROR(OFFSET(Assign!$C$11,MATCH($B6,Assign!$F$11:$F$31,0)-1,0),"") -> C3/ CMP4_HP1/ CMP4_HN1/ CMP4_LP1/ CMP4_LN1/ PGA4_IN/ CMP4_HP2/ CMP4_LP2/ AIO245 | E6: ADC_VBULK | F6: ADC | G6: Bulk voltage
B7: 6 | C7: =IFERROR(OFFSET(Assign!$B$11,MATCH($B7,Assign!$F$11:$F$31,0)-1,0),"") -> 36 | D7: =IFERROR(OFFSET(Assign!$C$11,MATCH($B7,Assign!$F$11:$F$31,0)-1,0),"") -> A4/ B8/ PGA2_OF/ CMP2_HP0/ CMP2_LP0/ AIO225 | E7: ADC_VAC_L | F7: ADC | G7: Input AC line
B8: 7 | C8: =IFERROR(OFFSET(Assign!$B$11,MATCH($B8,Assign!$F$11:$F$31,0)-1,0),"") -> 37 | D8: =IFERROR(OFFSET(Assign!$C$11,MATCH($B8,Assign!$F$11:$F$31,0)-1,0),"") -> A8/ PGA6_OF/ CMP6_HP0/ CMP6_LP0/ AIO229 | E8: ADC_VAC_N | F8: ADC | G8: Input AC natural
B9: 8 | C9: =IFERROR(OFFSET(Assign!$B$11,MATCH($B9,Assign!$F$11:$F$31,0)-1,0),"") -> 38 | D9: =IFERROR(OFFSET(Assign!$C$11,MATCH($B9,Assign!$F$11:$F$31,0)-1,0),"") -> A9/ CMP6_HP3/ CMP6_HN0/ CMP6_LP3/ CMP6_LN0/ AIO236 | E9: ADC_CT3_I_PFC | F9: ADC & CMP | G9: Inductor current of phase 3 PFC inductor current with input of CMP6_HP3
B10: 9 | C10: =IFERROR(OFFSET(Assign!$B$11,MATCH($B10,Assign!$F$11:$F$31,0)-1,0),"") -> 41 | D10: =IFERROR(OFFSET(Assign!$C$11,MATCH($B10,Assign!$F$11:$F$31,0)-1,0),"") -> B0/ CMP7_HP3/ CMP7_HN0/ CMP7_LP3/ CMP7_LN0/ AIO241 | E10: ADC_CT4_I_PFC | F10: ADC & CMP | G10: Inductor current of phase 4 PFC inductor current with input of CMP7_HP3
B11: 10 | C11: =IFERROR(OFFSET(Assign!$B$11,MATCH($B11,Assign!$F$11:$F$31,0)-1,0),"") | D11: =IFERROR(OFFSET(Assign!$C$11,MATCH($B11,Assign!$F$11:$F$31,0)-1,0),"")
B12: 11 | C12: =IFERROR(OFFSET(Assign!$B$11,MATCH($B12,Assign!$F$11:$F$31,0)-1,0),"") | D12: =IFERROR(OFFSET(Assign!$C$11,MATCH($B12,Assign!$F$11:$F$31,0)-1,0),"")
B13: 12 | C13: =IFERROR(OFFSET(Assign!$B$11,MATCH($B13,Assign!$F$11:$F$31,0)-1,0),"") | D13: =IFERROR(OFFSET(Assign!$C$11,MATCH($B13,Assign!$F$11:$F$31,0)-1,0),"")
B14: 13 | C14: =IFERROR(OFFSET(Assign!$B$11,MATCH($B14,Assign!$F$11:$F$31,0)-1,0),"") | D14: =IFERROR(OFFSET(Assign!$C$11,MATCH($B14,Assign!$F$11:$F$31,0)-1,0),"")
B15: 14 | C15: =IFERROR(OFFSET(Assign!$B$11,MATCH($B15,Assign!$F$11:$F$31,0)-1,0),"") | D15: =IFERROR(OFFSET(Assign!$C$11,MATCH($B15,Assign!$F$11:$F$31,0)-1,0),"")
B16: 15 | C16: =IFERROR(OFFSET(Assign!$B$11,MATCH($B16,Assign!$F$11:$F$31,0)-1,0),"") | D16: =IFERROR(OFFSET(Assign!$C$11,MATCH($B16,Assign!$F$11:$F$31,0)-1,0),"")
B17: 16 | C17: =IFERROR(OFFSET(Assign!$B$11,MATCH($B17,Assign!$F$11:$F$31,0)-1,0),"") | D17: =IFERROR(OFFSET(Assign!$C$11,MATCH($B17,Assign!$F$11:$F$31,0)-1,0),"")
B18: 17 | C18: =IFERROR(OFFSET(Assign!$B$11,MATCH($B18,Assign!$F$11:$F$31,0)-1,0),"") | D18: =IFERROR(OFFSET(Assign!$C$11,MATCH($B18,Assign!$F$11:$F$31,0)-1,0),"")
B19: 18 | C19: =IFERROR(OFFSET(Assign!$B$11,MATCH($B19,Assign!$F$11:$F$31,0)-1,0),"") | D19: =IFERROR(OFFSET(Assign!$C$11,MATCH($B19,Assign!$F$11:$F$31,0)-1,0),"")
B20: 19 | C20: =IFERROR(OFFSET(Assign!$B$11,MATCH($B20,Assign!$F$11:$F$31,0)-1,0),"") | D20: =IFERROR(OFFSET(Assign!$C$11,MATCH($B20,Assign!$F$11:$F$31,0)-1,0),"")
B21: 20 | C21: =IFERROR(OFFSET(Assign!$B$11,MATCH($B21,Assign!$F$11:$F$31,0)-1,0),"") | D21: =IFERROR(OFFSET(Assign!$C$11,MATCH($B21,Assign!$F$11:$F$31,0)-1,0),"")
B22: 21 | C22: =IFERROR(OFFSET(Assign!$B$11,MATCH($B22,Assign!$F$11:$F$31,0)-1,0),"") | D22: =IFERROR(OFFSET(Assign!$C$11,MATCH($B22,Assign!$F$11:$F$31,0)-1,0),"")
... B101: 100 | C101: =IFERROR(OFFSET(Assign!$B$11,MATCH($B101,Assign!$F$11:$F$31,0)-1,0),"") | D101: =IFERROR(OFFSET(Assign!$C$11,MATCH($B101,Assign!$F$11:$F$31,0)-1,0),"")

Sheet COMP
B1: Index | C1: Pin | D1: Name | E1: Connect to | F1: Type | G1: Function Description
B2: 1 | C2: =IFERROR(OFFSET(Assign!$B$33,MATCH($B2,Assign!$F$33:$F$56,0)-1,0),"") -> 10 | D2: =IFERROR(OFFSET(Assign!$C$33,MATCH($B2,Assign!$F$33:$F$56,0)-1,0),"") -> A3/ CMP1_HP3/ CMP1_HN0/ CMP1_LP3/ CMP1_LN0/ AIO233 | E2: ADC_PK1_3_LIM | F2: CMP | G2: Slope compensation refence of phase 1 and 3 with input of CMP1_HN0
B3: 2 | C3: =IFERROR(OFFSET(Assign!$B$33,MATCH($B3,Assign!$F$33:$F$56,0)-1,0),"") -> 28 | D3: =IFERROR(OFFSET(Assign!$C$33,MATCH($B3,Assign!$F$33:$F$56,0)-1,0),"") -> C5/ CMP6_HP1/ CMP6_HN1/ CMP6_LP1/ CMP6_LN1/ PGA6_IN/ CMP6_HP2/ CMP6_LP2/ AIO240 | E3: ADC_PK2_4_LIM | F3: CMP | G3: Slope compensation refence of phase 2 and 4 with input CMP6_HN1
B4: 3 | C4: =IFERROR(OFFSET(Assign!$B$33,MATCH($B4,Assign!$F$33:$F$56,0)-1,0),"") -> 35 | D4: =IFERROR(OFFSET(Assign!$C$33,MATCH($B4,Assign!$F$33:$F$56,0)-1,0),"") -> A5/ CMP2_HP3/ CMP2_HN0/ CMP2_LP3/ CMP2_LN0/ AIO234 | E4: ADC_PK1_3_LIM | F4: CMP | G4: Slope compensation refence of phase 1 and 3 with input CMP2_HN0
B5: 4 | C5: =IFERROR(OFFSET(Assign!$B$33,MATCH($B5,Assign!$F$33:$F$56,0)-1,0),"") -> 44 | D5: =IFERROR(OFFSET(Assign!$C$33,MATCH($B5,Assign!$F$33:$F$56,0)-1,0),"") -> C14/ CMP7_HP1/ CMP7_HN1/ CMP7_LP1/ CMP7_LN1/ AIO246 | E5: ADC_PK2_4_LIM | F5: CMP | G5: Slope compensation refence of phase 2 and 4 with input CMP7_HN1
B6: 5 | C6: =IFERROR(OFFSET(Assign!$B$33,MATCH($B6,Assign!$F$33:$F$56,0)-1,0),"") | D6: =IFERROR(OFFSET(Assign!$C$33,MATCH($B6,Assign!$F$33:$F$56,0)-1,0),"")
B7: 6 | C7: =IFERROR(OFFSET(Assign!$B$33,MATCH($B7,Assign!$F$33:$F$56,0)-1,0),"") | D7: =IFERROR(OFFSET(Assign!$C$33,MATCH($B7,Assign!$F$33:$F$56,0)-1,0),"")
B8: 7 | C8: =IFERROR(OFFSET(Assign!$B$33,MATCH($B8,Assign!$F$33:$F$56,0)-1,0),"") | D8: =IFERROR(OFFSET(Assign!$C$33,MATCH($B8,Assign!$F$33:$F$56,0)-1,0),"")
B9: 8 | C9: =IFERROR(OFFSET(Assign!$B$33,MATCH($B9,Assign!$F$33:$F$56,0)-1,0),"") | D9: =IFERROR(OFFSET(Assign!$C$33,MATCH($B9,Assign!$F$33:$F$56,0)-1,0),"")
B10: 9 | C10: =IFERROR(OFFSET(Assign!$B$33,MATCH($B10,Assign!$F$33:$F$56,0)-1,0),"") | D10: =IFERROR(OFFSET(Assign!$C$33,MATCH($B10,Assign!$F$33:$F$56,0)-1,0),"")
B11: 10 | C11: =IFERROR(OFFSET(Assign!$B$33,MATCH($B11,Assign!$F$33:$F$56,0)-1,0),"") | D11: =IFERROR(OFFSET(Assign!$C$33,MATCH($B11,Assign!$F$33:$F$56,0)-1,0),"")
B12: 11 | C12: =IFERROR(OFFSET(Assign!$B$33,MATCH($B12,Assign!$F$33:$F$56,0)-1,0),"") | D12: =IFERROR(OFFSET(Assign!$C$33,MATCH($B12,Assign!$F$33:$F$56,0)-1,0),"")
B13: 12 | C13: =IFERROR(OFFSET(Assign!$B$33,MATCH($B13,Assign!$F$33:$F$56,0)-1,0),"") | D13: =IFERROR(OFFSET(Assign!$C$33,MATCH($B13,Assign!$F$33:$F$56,0)-1,0),"")
B14: 13 | C14: =IFERROR(OFFSET(Assign!$B$33,MATCH($B14,Assign!$F$33:$F$56,0)-1,0),"") | D14: =IFERROR(OFFSET(Assign!$C$33,MATCH($B14,Assign!$F$33:$F$56,0)-1,0),"")
B15: 14 | C15: =IFERROR(OFFSET(Assign!$B$33,MATCH($B15,Assign!$F$33:$F$56,0)-1,0),"") | D15: =IFERROR(OFFSET(Assign!$C$33,MATCH($B15,Assign!$F$33:$F$56,0)-1,0),"")
B16: 15 | C16: =IFERROR(OFFSET(Assign!$B$33,MATCH($B16,Assign!$F$33:$F$56,0)-1,0),"") | D16: =IFERROR(OFFSET(Assign!$C$33,MATCH($B16,Assign!$F$33:$F$56,0)-1,0),"")
B17: 16 | C17: =IFERROR(OFFSET(Assign!$B$33,MATCH($B17,Assign!$F$33:$F$56,0)-1,0),"") | D17: =IFERROR(OFFSET(Assign!$C$33,MATCH($B17,Assign!$F$33:$F$56,0)-1,0),"")
... B101: 100 | C101: =IFERROR(OFFSET(Assign!$B$33,MATCH($B101,Assign!$F$33:$F$56,0)-1,0),"") | D101: =IFERROR(OFFSET(Assign!$C$33,MATCH($B101,Assign!$F$33:$F$56,0)-1,0),"")

Sheet PGA
B1: Index | C1: Pin | D1: Name | E1: Connect to | F1: Type | G1: Function Description
B2: 1 | C2: =IFERROR(OFFSET(Assign!$B$58,MATCH($B2,Assign!$F$58:$F$76,0)-1,0),"") | D2: =IFERROR(OFFSET(Assign!$C$58,MATCH($B2,Assign!$F$58:$F$76,0)-1,0),"")
B3: 2 | C3: =IFERROR(OFFSET(Assign!$B$58,MATCH($B3,Assign!$F$58:$F$76,0)-1,0),"") | D3: =IFERROR(OFFSET(Assign!$C$58,MATCH($B3,Assign!$F$58:$F$76,0)-1,0),"")
B4: 3 | C4: =IFERROR(OFFSET(Assign!$B$58,MATCH($B4,Assign!$F$58:$F$76,0)-1,0),"") | D4: =IFERROR(OFFSET(Assign!$C$58,MATCH($B4,Assign!$F$58:$F$76,0)-1,0),"")
B5: 4 | C5: =IFERROR(OFFSET(Assign!$B$58,MATCH($B5,Assign!$F$58:$F$76,0)-1,0),"") | D5: =IFERROR(OFFSET(Assign!$C$58,MATCH($B5,Assign!$F$58:$F$76,0)-1,0),"")
B6: 5 | C6: =IFERROR(OFFSET(Assign!$B$58,MATCH($B6,Assign!$F$58:$F$76,0)-1,0),"") | D6: =IFERROR(OFFSET(Assign!$C$58,MATCH($B6,Assign!$F$58:$F$76,0)-1,0),"")
B7: 6 | C7: =IFERROR(OFFSET(Assign!$B$58,MATCH($B7,Assign!$F$58:$F$76,0)-1,0),"") | D7: =IFERROR(OFFSET(Assign!$C$58,MATCH($B7,Assign!$F$58:$F$76,0)-1,0),"")
B8: 7 | C8: =IFERROR(OFFSET(Assign!$B$58,MATCH($B8,Assign!$F$58:$F$76,0)-1,0),"") | D8: =IFERROR(OFFSET(Assign!$C$58,MATCH($B8,Assign!$F$58:$F$76,0)-1,0),"")
B9: 8 | C9: =IFERROR(OFFSET(Assign!$B$58,MATCH($B9,Assign!$F$58:$F$76,0)-1,0),"") | D9: =IFERROR(OFFSET(Assign!$C$58,MATCH($B9,Assign!$F$58:$F$76,0)-1,0),"")
B10: 9 | C10: =IFERROR(OFFSET(Assign!$B$58,MATCH($B10,Assign!$F$58:$F$76,0)-1,0),"") | D10: =IFERROR(OFFSET(Assign!$C$58,MATCH($B10,Assign!$F$58:$F$76,0)-1,0),"")
B11: 10 | C11: =IFERROR(OFFSET(Assign!$B$58,MATCH($B11,Assign!$F$58:$F$76,0)-1,0),"") | D11: =IFERROR(OFFSET(Assign!$C$58,MATCH($B11,Assign!$F$58:$F$76,0)-1,0),"")
B12: 11 | C12: =IFERROR(OFFSET(Assign!$B$58,MATCH($B12,Assign!$F$58:$F$76,0)-1,0),"") | D12: =IFERROR(OFFSET(Assign!$C$58,MATCH($B12,Assign!$F$58:$F$76,0)-1,0),"")
B13: 12 | C13: =IFERROR(OFFSET(Assign!$B$58,MATCH($B13,Assign!$F$58:$F$76,0)-1,0),"") | D13: =IFERROR(OFFSET(Assign!$C$58,MATCH($B13,Assign!$F$58:$F$76,0)-1,0),"")
... B101: 100 | C101: =IFERROR(OFFSET(Assign!$B$58,MATCH($B101,Assign!$F$58:$F$76,0)-1,0),"") | D101: =IFERROR(OFFSET(Assign!$C$58,MATCH($B101,Assign!$F$58:$F$76,0)-1,0),"")

Sheet DAC
B1: Index | C1: Pin | D1: Name | E1: Connect to | F1: Type | G1: Function Description
B2: 1 | C2: =IFERROR(OFFSET(Assign!$B$78,MATCH($B2,Assign!$F$78:$F$80,0)-1,0),"") -> 22 | D2: =IFERROR(OFFSET(Assign!$C$78,MATCH($B2,Assign!$F$78:$F$80,0)-1,0),"") -> A1/ DACB_OUT/ AIO232 | E2: DAC_TEST1 | F2: DAC | G2: DACB_OUT for debug
B3: 2 | C3: =IFERROR(OFFSET(Assign!$B$78,MATCH($B3,Assign!$F$78:$F$80,0)-1,0),"") -> 23 | D3: =IFERROR(OFFSET(Assign!$C$78,MATCH($B3,Assign!$F$78:$F$80,0)-1,0),"") -> A0/ B15/ C15/ DACA_OUT/ AIO231 | E3: DAC_TEST2 | F3: DAC | G3: DACA_OUT for debug
B4: 3 | C4: =IFERROR(OFFSET(Assign!$B$78,MATCH($B4,Assign!$F$78:$F$80,0)-1,0),"") | D4: =IFERROR(OFFSET(Assign!$C$78,MATCH($B4,Assign!$F$78:$F$80,0)-1,0),"")
B5: 4 | C5: =IFERROR(OFFSET(Assign!$B$78,MATCH($B5,Assign!$F$78:$F$80,0)-1,0),"") | D5: =IFERROR(OFFSET(Assign!$C$78,MATCH($B5,Assign!$F$78:$F$80,0)-1,0),"")
B6: 5 | C6: =IFERROR(OFFSET(Assign!$B$78,MATCH($B6,Assign!$F$78:$F$80,0)-1,0),"") | D6: =IFERROR(OFFSET(Assign!$C$78,MATCH($B6,Assign!$F$78:$F$80,0)-1,0),"")
B7: 6 | C7: =IFERROR(OFFSET(Assign!$B$78,MATCH($B7,Assign!$F$78:$F$80,0)-1,0),"") | D7: =IFERROR(OFFSET(Assign!$C$78,MATCH($B7,Assign!$F$78:$F$80,0)-1,0),"")
B8: 7 | C8: =IFERROR(OFFSET(Assign!$B$78,MATCH($B8,Assign!$F$78:$F$80,0)-1,0),"") | D8: =IFERROR(OFFSET(Assign!$C$78,MATCH($B8,Assign!$F$78:$F$80,0)-1,0),"")
B9: 8 | C9: =IFERROR(OFFSET(Assign!$B$78,MATCH($B9,Assign!$F$78:$F$80,0)-1,0),"") | D9: =IFERROR(OFFSET(Assign!$C$78,MATCH($B9,Assign!$F$78:$F$80,0)-1,0),"")
B10: 9 | C10: =IFERROR(OFFSET(Assign!$B$78,MATCH($B10,Assign!$F$78:$F$80,0)-1,0),"") | D10: =IFERROR(OFFSET(Assign!$C$78,MATCH($B10,Assign!$F$78:$F$80,0)-1,0),"")
B11: 10 | C11: =IFERROR(OFFSET(Assign!$B$78,MATCH($B11,Assign!$F$78:$F$80,0)-1,0),"") | D11: =IFERROR(OFFSET(Assign!$C$78,MATCH($B11,Assign!$F$78:$F$80,0)-1,0),"")
B12: 11 | C12: =IFERROR(OFFSET(Assign!$B$78,MATCH($B12,Assign!$F$78:$F$80,0)-1,0),"") | D12: =IFERROR(OFFSET(Assign!$C$78,MATCH($B12,Assign!$F$78:$F$80,0)-1,0),"")
B13: 12 | C13: =IFERROR(OFFSET(Assign!$B$78,MATCH($B13,Assign!$F$78:$F$80,0)-1,0),"") | D13: =IFERROR(OFFSET(Assign!$C$78,MATCH($B13,Assign!$F$78:$F$80,0)-1,0),"")
B14: 13 | C14: =IFERROR(OFFSET(Assign!$B$78,MATCH($B14,Assign!$F$78:$F$80,0)-1,0),"") | D14: =IFERROR(OFFSET(Assign!$C$78,MATCH($B14,Assign!$F$78:$F$80,0)-1,0),"")
B15: 14 | C15: =IFERROR(OFFSET(Assign!$B$78,MATCH($B15,Assign!$F$78:$F$80,0)-1,0),"") | D15: =IFERROR(OFFSET(Assign!$C$78,MATCH($B15,Assign!$F$78:$F$80,0)-1,0),"")
... B101: 100 | C101: =IFERROR(OFFSET(Assign!$B$78,MATCH($B101,Assign!$F$78:$F$80,0)-1,0),"") | D101: =IFERROR(OFFSET(Assign!$C$78,MATCH($B101,Assign!$F$78:$F$80,0)-1,0),"")

Sheet EPWM
B1: Index | C1: Pin | D1: Name | E1: Connect to | F1: Type | G1: Function Description
B2: 1 | C2: =IFERROR(OFFSET(Assign!$B$82,MATCH($B2,Assign!$F$82:$F$104,0)-1,0),"") -> 1 | D2: =IFERROR(OFFSET(Assign!$C$82,MATCH($B2,Assign!$F$82:$F$104,0)-1,0),"") -> GPIO28/ SCIA_RX/ EPWM7_A/ OUTPUTXBAR5/ EQEP1_A/ SD1_D3/ EQEP2_STROBE/ LINA_TX/ SPIB_CLK/ ERRORSTS | E2: EPWM_PFC_L | F2: PWM | G2: PWM7_A for input SR
B3: 2 | C3: =IFERROR(OFFSET(Assign!$B$82,MATCH($B3,Assign!$F$82:$F$104,0)-1,0),"") -> 52 | D3: =IFERROR(OFFSET(Assign!$C$82,MATCH($B3,Assign!$F$82:$F$104,0)-1,0),"") -> GPIO11/ EPWM6_B/ SCIB_RX/ OUTPUTXBAR7/ EQEP1_B/ SPIA_STE/ FSIRXA_D1 | E3: EPWM_FAN2_CTRL | F3: PWM | G3: PWM6_B for Fan2 control
B4: 3 | C4: =IFERROR(OFFSET(Assign!$B$82,MATCH($B4,Assign!$F$82:$F$104,0)-1,0),"") -> 75 | D4: =IFERROR(OFFSET(Assign!$C$82,MATCH($B4,Assign!$F$82:$F$104,0)-1,0),"") -> GPIO4/ EPWM3_A/ OUTPUTXBAR3/ CANA_TX/ FSIRXA_CLK | E4: EPWM_PFC_PH3 | F4: PWM | G4: PWM3_A for PFC phase 3
B5: 4 | C5: =IFERROR(OFFSET(Assign!$B$82,MATCH($B5,Assign!$F$82:$F$104,0)-1,0),"") -> 77 | D5: =IFERROR(OFFSET(Assign!$C$82,MATCH($B5,Assign!$F$82:$F$104,0)-1,0),"") -> GPIO2/ EPWM2_A/ OUTPUTXBAR1/ PMBUSA_SDA/ SCIA_TX/ FSIRXA_D1 | E5: EPWM_PFC_PH2 | F5: PWM | G5: PWM2_A for PFC phase 2
B6: 5 | C6: =IFERROR(OFFSET(Assign!$B$82,MATCH($B6,Assign!$F$82:$F$104,0)-1,0),"") -> 79 | D6: =IFERROR(OFFSET(Assign!$C$82,MATCH($B6,Assign!$F$82:$F$104,0)-1,0),"") -> GPIO0/ EPWM1_A/ I2CA_SDA | E6: EPWM_PFC_PH1 | F6: PWM | G6: PWM1_A for PFC phase 1
B7: 6 | C7: =IFERROR(OFFSET(Assign!$B$82,MATCH($B7,Assign!$F$82:$F$104,0)-1,0),"") -> 93 | D7: =IFERROR(OFFSET(Assign!$C$82,MATCH($B7,Assign!$F$82:$F$104,0)-1,0),"") -> GPIO10/ EPWM6_A/ CANB_RX/ ADCSOCBO/ EQEP1_A/ SCIB_TX/ SPIA_SOMI/ I2CA_SDA/ FSITXA_CLK | E7: EPWM_FAN1_CTRL | F7: PWM | G7: PWM6_A for Fan1 control
B8: 7 | C8: =IFERROR(OFFSET(Assign!$B$82,MATCH($B8,Assign!$F$82:$F$104,0)-1,0),"") -> 97 | D8: =IFERROR(OFFSET(Assign!$C$82,MATCH($B8,Assign!$F$82:$F$104,0)-1,0),"") -> GPIO6/ EPWM4_A/ OUTPUTXBAR4/ SYNCOUT/ EQEP1_A/ CANB_TX/ SPIB_SOMI/ FSITXA_D0 | E8: EPWM_PFC_PH4 | F8: PWM | G8: PWM4_A for PFC phase 4
B9: 8 | C9: =IFERROR(OFFSET(Assign!$B$82,MATCH($B9,Assign!$F$82:$F$104,0)-1,0),"") -> 100 | D9: =IFERROR(OFFSET(Assign!$C$82,MATCH($B9,Assign!$F$82:$F$104,0)-1,0),"") -> GPIO29/ SCIA_TX/ EPWM7_B/ OUTPUTXBAR6/ EQEP1_B/ SD1_C3/ EQEP2_INDEX/ LINA_RX/ SPIB_STE/ ERRORSTS | E9: EPWM_PFC_N | F9: PWM | G9: PWM7_B for input SR
B10: 9 | C10: =IFERROR(OFFSET(Assign!$B$82,MATCH($B10,Assign!$F$82:$F$104,0)-1,0),"") | D10: =IFERROR(OFFSET(Assign!$C$82,MATCH($B10,Assign!$F$82:$F$104,0)-1,0),"")
B11: 10 | C11: =IFERROR(OFFSET(Assign!$B$82,MATCH($B11,Assign!$F$82:$F$104,0)-1,0),"") | D11: =IFERROR(OFFSET(Assign!$C$82,MATCH($B11,Assign!$F$82:$F$104,0)-1,0),"")
B12: 11 | C12: =IFERROR(OFFSET(Assign!$B$82,MATCH($B12,Assign!$F$82:$F$104,0)-1,0),"") | D12: =IFERROR(OFFSET(Assign!$C$82,MATCH($B12,Assign!$F$82:$F$104,0)-1,0),"")
B13: 12 | C13: =IFERROR(OFFSET(Assign!$B$82,MATCH($B13,Assign!$F$82:$F$104,0)-1,0),"") | D13: =IFERROR(OFFSET(Assign!$C$82,MATCH($B13,Assign!$F$82:$F$104,0)-1,0),"")
B14: 13 | C14: =IFERROR(OFFSET(Assign!$B$82,MATCH($B14,Assign!$F$82:$F$104,0)-1,0),"") | D14: =IFERROR(OFFSET(Assign!$C$82,MATCH($B14,Assign!$F$82:$F$104,0)-1,0),"")
B15: 14 | C15: =IFERROR(OFFSET(Assign!$B$82,MATCH($B15,Assign!$F$82:$F$104,0)-1,0),"") | D15: =IFERROR(OFFSET(Assign!$C$82,MATCH($B15,Assign!$F$82:$F$104,0)-1,0),"")
B16: 15 | C16: =IFERROR(OFFSET(Assign!$B$82,MATCH($B16,Assign!$F$82:$F$104,0)-1,0),"") | D16: =IFERROR(OFFSET(Assign!$C$82,MATCH($B16,Assign!$F$82:$F$104,0)-1,0),"")
B17: 16 | C17: =IFERROR(OFFSET(Assign!$B$82,MATCH($B17,Assign!$F$82:$F$104,0)-1,0),"") | D17: =IFERROR(OFFSET(Assign!$C$82,MATCH($B17,Assign!$F$82:$F$104,0)-1,0),"")
B18: 17 | C18: =IFERROR(OFFSET(Assign!$B$82,MATCH($B18,Assign!$F$82:$F$104,0)-1,0),"") | D18: =IFERROR(OFFSET(Assign!$C$82,MATCH($B18,Assign!$F$82:$F$104,0)-1,0),"")
B19: 18 | C19: =IFERROR(OFFSET(Assign!$B$82,MATCH($B19,Assign!$F$82:$F$104,0)-1,0),"") | D19: =IFERROR(OFFSET(Assign!$C$82,MATCH($B19,Assign!$F$82:$F$104,0)-1,0),"")
B20: 19 | C20: =IFERROR(OFFSET(Assign!$B$82,MATCH($B20,Assign!$F$82:$F$104,0)-1,0),"") | D20: =IFERROR(OFFSET(Assign!$C$82,MATCH($B20,Assign!$F$82:$F$104,0)-1,0),"")
B21: 20 | C21: =IFERROR(OFFSET(Assign!$B$82,MATCH($B21,Assign!$F$82:$F$104,0)-1,0),"") | D21: =IFERROR(OFFSET(Assign!$C$82,MATCH($B21,Assign!$F$82:$F$104,0)-1,0),"")
... B101: 100 | C101: =IFERROR(OFFSET(Assign!$B$82,MATCH($B101,Assign!$F$82:$F$104,0)-1,0),"") | D101: =IFERROR(OFFSET(Assign!$C$82,MATCH($B101,Assign!$F$82:$F$104,0)-1,0),"")

Sheet SCI
B1: Index | C1: Pin | D1: Name | E1: Connect to | F1: Type | G1: Function Description
B2: 1 | C2: =IFERROR(OFFSET(Assign!$B$106,MATCH($B2,Assign!$F$106:$F$128,0)-1,0),"") -> 54 | D2: =IFERROR(OFFSET(Assign!$C$106,MATCH($B2,Assign!$F$106:$F$128,0)-1,0),"") -> GPIO16/ SPIA_SIMO/ CANB_TX/ OUTPUTXBAR7/ EPWM5_A/ SCIA_TX/ SD1_D1/ EQEP1_STROBE/ PMBUSA_SCL/ XCLKOUT | E2: SCI_TX_PtS | F2: SCI | G2: SCIA_TX for internal Communication with secondary
B3: 2 | C3: =IFERROR(OFFSET(Assign!$B$106,MATCH($B3,Assign!$F$106:$F$128,0)-1,0),"") -> 55 | D3: =IFERROR(OFFSET(Assign!$C$106,MATCH($B3,Assign!$F$106:$F$128,0)-1,0),"") -> GPIO17/ SPIA_SOMI/ CANB_RX/ OUTPUTXBAR8/ EPWM5_B/ SCIA_RX/ SD1_C1/ EQEP1_INDEX/ PMBUSA_SDA | E3: SCI_RX_PtS | F3: SCI | G3: SCIA_RX for internal Communication with secondary
B4: 3 | C4: =IFERROR(OFFSET(Assign!$B$106,MATCH($B4,Assign!$F$106:$F$128,0)-1,0),"") | D4: =IFERROR(OFFSET(Assign!$C$106,MATCH($B4,Assign!$F$106:$F$128,0)-1,0),"")
B5: 4 | C5: =IFERROR(OFFSET(Assign!$B$106,MATCH($B5,Assign!$F$106:$F$128,0)-1,0),"") | D5: =IFERROR(OFFSET(Assign!$C$106,MATCH($B5,Assign!$F$106:$F$128,0)-1,0),"")
B6: 5 | C6: =IFERROR(OFFSET(Assign!$B$106,MATCH($B6,Assign!$F$106:$F$128,0)-1,0),"") | D6: =IFERROR(OFFSET(Assign!$C$106,MATCH($B6,Assign!$F$106:$F$128,0)-1,0),"")
B7: 6 | C7: =IFERROR(OFFSET(Assign!$B$106,MATCH($B7,Assign!$F$106:$F$128,0)-1,0),"") | D7: =IFERROR(OFFSET(Assign!$C$106,MATCH($B7,Assign!$F$106:$F$128,0)-1,0),"")
B8: 7 | C8: =IFERROR(OFFSET(Assign!$B$106,MATCH($B8,Assign!$F$106:$F$128,0)-1,0),"") | D8: =IFERROR(OFFSET(Assign!$C$106,MATCH($B8,Assign!$F$106:$F$128,0)-1,0),"")
B9: 8 | C9: =IFERROR(OFFSET(Assign!$B$106,MATCH($B9,Assign!$F$106:$F$128,0)-1,0),"") | D9: =IFERROR(OFFSET(Assign!$C$106,MATCH($B9,Assign!$F$106:$F$128,0)-1,0),"")
B10: 9 | C10: =IFERROR(OFFSET(Assign!$B$106,MATCH($B10,Assign!$F$106:$F$128,0)-1,0),"") | D10: =IFERROR(OFFSET(Assign!$C$106,MATCH($B10,Assign!$F$106:$F$128,0)-1,0),"")
B11: 10 | C11: =IFERROR(OFFSET(Assign!$B$106,MATCH($B11,Assign!$F$106:$F$128,0)-1,0),"") | D11: =IFERROR(OFFSET(Assign!$C$106,MATCH($B11,Assign!$F$106:$F$128,0)-1,0),"")
B12: 11 | C12: =IFERROR(OFFSET(Assign!$B$106,MATCH($B12,Assign!$F$106:$F$128,0)-1,0),"") | D12: =IFERROR(OFFSET(Assign!$C$106,MATCH($B12,Assign!$F$106:$F$128,0)-1,0),"")
B13: 12 | C13: =IFERROR(OFFSET(Assign!$B$106,MATCH($B13,Assign!$F$106:$F$128,0)-1,0),"") | D13: =IFERROR(OFFSET(Assign!$C$106,MATCH($B13,Assign!$F$106:$F$128,0)-1,0),"")
B14: 13 | C14: =IFERROR(OFFSET(Assign!$B$106,MATCH($B14,Assign!$F$106:$F$128,0)-1,0),"") | D14: =IFERROR(OFFSET(Assign!$C$106,MATCH($B14,Assign!$F$106:$F$128,0)-1,0),"")
B15: 14 | C15: =IFERROR(OFFSET(Assign!$B$106,MATCH($B15,Assign!$F$106:$F$128,0)-1,0),"") | D15: =IFERROR(OFFSET(Assign!$C$106,MATCH($B15,Assign!$F$106:$F$128,0)-1,0),"")
... B101: 100 | C101: =IFERROR(OFFSET(Assign!$B$106,MATCH($B101,Assign!$F$106:$F$128,0)-1,0),"") | D101: =IFERROR(OFFSET(Assign!$C$106,MATCH($B101,Assign!$F$106:$F$128,0)-1,0),"")

Sheet I2C
B1: Index | C1: Pin | D1: Name | E1: Connect to | F1: Type | G1: Function Description
B2: 1 | C2: =IFERROR(OFFSET(Assign!$B$130,MATCH($B2,Assign!$F$130:$F$140,0)-1,0),"") | D2: =IFERROR(OFFSET(Assign!$C$130,MATCH($B2,Assign!$F$130:$F$140,0)-1,0),"")
B3: 2 | C3: =IFERROR(OFFSET(Assign!$B$130,MATCH($B3,Assign!$F$130:$F$140,0)-1,0),"") | D3: =IFERROR(OFFSET(Assign!$C$130,MATCH($B3,Assign!$F$130:$F$140,0)-1,0),"")
B4: 3 | C4: =IFERROR(OFFSET(Assign!$B$130,MATCH($B4,Assign!$F$130:$F$140,0)-1,0),"") | D4: =IFERROR(OFFSET(Assign!$C$130,MATCH($B4,Assign!$F$130:$F$140,0)-1,0),"")
B5: 4 | C5: =IFERROR(OFFSET(Assign!$B$130,MATCH($B5,Assign!$F$130:$F$140,0)-1,0),"") | D5: =IFERROR(OFFSET(Assign!$C$130,MATCH($B5,Assign!$F$130:$F$140,0)-1,0),"")
B6: 5 | C6: =IFERROR(OFFSET(Assign!$B$130,MATCH($B6,Assign!$F$130:$F$140,0)-1,0),"") | D6: =IFERROR(OFFSET(Assign!$C$130,MATCH($B6,Assign!$F$130:$F$140,0)-1,0),"")
B7: 6 | C7: =IFERROR(OFFSET(Assign!$B$130,MATCH($B7,Assign!$F$130:$F$140,0)-1,0),"") | D7: =IFERROR(OFFSET(Assign!$C$130,MATCH($B7,Assign!$F$130:$F$140,0)-1,0),"")
B8: 7 | C8: =IFERROR(OFFSET(Assign!$B$130,MATCH($B8,Assign!$F$130:$F$140,0)-1,0),"") | D8: =IFERROR(OFFSET(Assign!$C$130,MATCH($B8,Assign!$F$130:$F$140,0)-1,0),"")
B9: 8 | C9: =IFERROR(OFFSET(Assign!$B$130,MATCH($B9,Assign!$F$130:$F$140,0)-1,0),"") | D9: =IFERROR(OFFSET(Assign!$C$130,MATCH($B9,Assign!$F$130:$F$140,0)-1,0),"")
B10: 9 | C10: =IFERROR(OFFSET(Assign!$B$130,MATCH($B10,Assign!$F$130:$F$140,0)-1,0),"") | D10: =IFERROR(OFFSET(Assign!$C$130,MATCH($B10,Assign!$F$130:$F$140,0)-1,0),"")
B11: 10 | C11: =IFERROR(OFFSET(Assign!$B$130,MATCH($B11,Assign!$F$130:$F$140,0)-1,0),"") | D11: =IFERROR(OFFSET(Assign!$C$130,MATCH($B11,Assign!$F$130:$F$140,0)-1,0),"")
B12: 11 | C12: =IFERROR(OFFSET(Assign!$B$130,MATCH($B12,Assign!$F$130:$F$140,0)-1,0),"") | D12: =IFERROR(OFFSET(Assign!$C$130,MATCH($B12,Assign!$F$130:$F$140,0)-1,0),"")
B13: 12 | C13: =IFERROR(OFFSET(Assign!$B$130,MATCH($B13,Assign!$F$130:$F$140,0)-1,0),"") | D13: =IFERROR(OFFSET(Assign!$C$130,MATCH($B13,Assign!$F$130:$F$140,0)-1,0),"")
... B101: 100 | C101: =IFERROR(OFFSET(Assign!$B$130,MATCH($B101,Assign!$F$130:$F$140,0)-1,0),"") | D101: =IFERROR(OFFSET(Assign!$C$130,MATCH($B101,Assign!$F$130:$F$140,0)-1,0),"")

Sheet PMBUS
B1: Index | C1: Pin | D1: Name | E1: Connect to | F1: Type | G1: Function Description
B2: 1 | C2: =IFERROR(OFFSET(Assign!$B$142,MATCH($B2,Assign!$F$142:$F$158,0)-1,0),"") | D2: =IFERROR(OFFSET(Assign!$C$142,MATCH($B2,Assign!$F$142:$F$158,0)-1,0),"")
B3: 2 | C3: =IFERROR(OFFSET(Assign!$B$142,MATCH($B3,Assign!$F$142:$F$158,0)-1,0),"") | D3: =IFERROR(OFFSET(Assign!$C$142,MATCH($B3,Assign!$F$142:$F$158,0)-1,0),"")
B4: 3 | C4: =IFERROR(OFFSET(Assign!$B$142,MATCH($B4,Assign!$F$142:$F$158,0)-1,0),"") | D4: =IFERROR(OFFSET(Assign!$C$142,MATCH($B4,Assign!$F$142:$F$158,0)-1,0),"")
B5: 4 | C5: =IFERROR(OFFSET(Assign!$B$142,MATCH($B5,Assign!$F$142:$F$158,0)-1,0),"") | D5: =IFERROR(OFFSET(Assign!$C$142,MATCH($B5,Assign!$F$142:$F$158,0)-1,0),"")
B6: 5 | C6: =IFERROR(OFFSET(Assign!$B$142,MATCH($B6,Assign!$F$142:$F$158,0)-1,0),"") | D6: =IFERROR(OFFSET(Assign!$C$142,MATCH($B6,Assign!$F$142:$F$158,0)-1,0),"")
B7: 6 | C7: =IFERROR(OFFSET(Assign!$B$142,MATCH($B7,Assign!$F$142:$F$158,0)-1,0),"") | D7: =IFERROR(OFFSET(Assign!$C$142,MATCH($B7,Assign!$F$142:$F$158,0)-1,0),"")
B8: 7 | C8: =IFERROR(OFFSET(Assign!$B$142,MATCH($B8,Assign!$F$142:$F$158,0)-1,0),"") | D8: =IFERROR(OFFSET(Assign!$C$142,MATCH($B8,Assign!$F$142:$F$158,0)-1,0),"")
B9: 8 | C9: =IFERROR(OFFSET(Assign!$B$142,MATCH($B9,Assign!$F$142:$F$158,0)-1,0),"") | D9: =IFERROR(OFFSET(Assign!$C$142,MATCH($B9,Assign!$F$142:$F$158,0)-1,0),"")
B10: 9 | C10: =IFERROR(OFFSET(Assign!$B$142,MATCH($B10,Assign!$F$142:$F$158,0)-1,0),"") | D10: =IFERROR(OFFSET(Assign!$C$142,MATCH($B10,Assign!$F$142:$F$158,0)-1,0),"")
B11: 10 | C11: =IFERROR(OFFSET(Assign!$B$142,MATCH($B11,Assign!$F$142:$F$158,0)-1,0),"") | D11: =IFERROR(OFFSET(Assign!$C$142,MATCH($B11,Assign!$F$142:$F$158,0)-1,0),"")
B12: 11 | C12: =IFERROR(OFFSET(Assign!$B$142,MATCH($B12,Assign!$F$142:$F$158,0)-1,0),"") | D12: =IFERROR(OFFSET(Assign!$C$142,MATCH($B12,Assign!$F$142:$F$158,0)-1,0),"")
B13: 12 | C13: =IFERROR(OFFSET(Assign!$B$142,MATCH($B13,Assign!$F$142:$F$158,0)-1,0),"") | D13: =IFERROR(OFFSET(Assign!$C$142,MATCH($B13,Assign!$F$142:$F$158,0)-1,0),"")
... B101: 100 | C101: =IFERROR(OFFSET(Assign!$B$142,MATCH($B101,Assign!$F$142:$F$158,0)-1,0),"") | D101: =IFERROR(OFFSET(Assign!$C$142,MATCH($B101,Assign!$F$142:$F$158,0)-1,0),"")

Sheet CAN
B1: Index | C1: Pin | D1: Name | E1: Connect to | F1: Type | G1: Function Description
B2: 1 | C2: =IFERROR(OFFSET(Assign!$B$160,MATCH($B2,Assign!$F$160:$F$179,0)-1,0),"") | D2: =IFERROR(OFFSET(Assign!$C$160,MATCH($B2,Assign!$F$160:$F$179,0)-1,0),"")
B3: 2 | C3: =IFERROR(OFFSET(Assign!$B$160,MATCH($B3,Assign!$F$160:$F$179,0)-1,0),"") | D3: =IFERROR(OFFSET(Assign!$C$160,MATCH($B3,Assign!$F$160:$F$179,0)-1,0),"")
B4: 3 | C4: =IFERROR(OFFSET(Assign!$B$160,MATCH($B4,Assign!$F$160:$F$179,0)-1,0),"") | D4: =IFERROR(OFFSET(Assign!$C$160,MATCH($B4,Assign!$F$160:$F$179,0)-1,0),"")
B5: 4 | C5: =IFERROR(OFFSET(Assign!$B$160,MATCH($B5,Assign!$F$160:$F$179,0)-1,0),"") | D5: =IFERROR(OFFSET(Assign!$C$160,MATCH($B5,Assign!$F$160:$F$179,0)-1,0),"")
B6: 5 | C6: =IFERROR(OFFSET(Assign!$B$160,MATCH($B6,Assign!$F$160:$F$179,0)-1,0),"") | D6: =IFERROR(OFFSET(Assign!$C$160,MATCH($B6,Assign!$F$160:$F$179,0)-1,0),"")
B7: 6 | C7: =IFERROR(OFFSET(Assign!$B$160,MATCH($B7,Assign!$F$160:$F$179,0)-1,0),"") | D7: =IFERROR(OFFSET(Assign!$C$160,MATCH($B7,Assign!$F$160:$F$179,0)-1,0),"")
B8: 7 | C8: =IFERROR(OFFSET(Assign!$B$160,MATCH($B8,Assign!$F$160:$F$179,0)-1,0),"") | D8: =IFERROR(OFFSET(Assign!$C$160,MATCH($B8,Assign!$F$160:$F$179,0)-1,0),"")
B9: 8 | C9: =IFERROR(OFFSET(Assign!$B$160,MATCH($B9,Assign!$F$160:$F$179,0)-1,0),"") | D9: =IFERROR(OFFSET(Assign!$C$160,MATCH($B9,Assign!$F$160:$F$179,0)-1,0),"")
B10: 9 | C10: =IFERROR(OFFSET(Assign!$B$160,MATCH($B10,Assign!$F$160:$F$179,0)-1,0),"") | D10: =IFERROR(OFFSET(Assign!$C$160,MATCH($B10,Assign!$F$160:$F$179,0)-1,0),"")
B11: 10 | C11: =IFERROR(OFFSET(Assign!$B$160,MATCH($B11,Assign!$F$160:$F$179,0)-1,0),"") | D11: =IFERROR(OFFSET(Assign!$C$160,MATCH($B11,Assign!$F$160:$F$179,0)-1,0),"")
B12: 11 | C12: =IFERROR(OFFSET(Assign!$B$160,MATCH($B12,Assign!$F$160:$F$179,0)-1,0),"") | D12: =IFERROR(OFFSET(Assign!$C$160,MATCH($B12,Assign!$F$160:$F$179,0)-1,0),"")
B13: 12 | C13: =IFERROR(OFFSET(Assign!$B$160,MATCH($B13,Assign!$F$160:$F$179,0)-1,0),"") | D13: =IFERROR(OFFSET(Assign!$C$160,MATCH($B13,Assign!$F$160:$F$179,0)-1,0),"")
... B101: 100 | C101: =IFERROR(OFFSET(Assign!$B$160,MATCH($B101,Assign!$F$160:$F$179,0)-1,0),"") | D101: =IFERROR(OFFSET(Assign!$C$160,MATCH($B101,Assign!$F$160:$F$179,0)-1,0),"")

Sheet SPI
B1: Index | C1: Pin | D1: Name | E1: Connect to | F1: Type | G1: Function Description
B2: 1 | C2: =IFERROR(OFFSET(Assign!$B$181,MATCH($B2,Assign!$F$181:$F$208,0)-1,0),"") | D2: =IFERROR(OFFSET(Assign!$C$181,MATCH($B2,Assign!$F$181:$F$208,0)-1,0),"")
B3: 2 | C3: =IFERROR(OFFSET(Assign!$B$181,MATCH($B3,Assign!$F$181:$F$208,0)-1,0),"") | D3: =IFERROR(OFFSET(Assign!$C$181,MATCH($B3,Assign!$F$181:$F$208,0)-1,0),"")
B4: 3 | C4: =IFERROR(OFFSET(Assign!$B$181,MATCH($B4,Assign!$F$181:$F$208,0)-1,0),"") | D4: =IFERROR(OFFSET(Assign!$C$181,MATCH($B4,Assign!$F$181:$F$208,0)-1,0),"")
B5: 4 | C5: =IFERROR(OFFSET(Assign!$B$181,MATCH($B5,Assign!$F$181:$F$208,0)-1,0),"") | D5: =IFERROR(OFFSET(Assign!$C$181,MATCH($B5,Assign!$F$181:$F$208,0)-1,0),"")
B6: 5 | C6: =IFERROR(OFFSET(Assign!$B$181,MATCH($B6,Assign!$F$181:$F$208,0)-1,0),"") | D6: =IFERROR(OFFSET(Assign!$C$181,MATCH($B6,Assign!$F$181:$F$208,0)-1,0),"")
B7: 6 | C7: =IFERROR(OFFSET(Assign!$B$181,MATCH($B7,Assign!$F$181:$F$208,0)-1,0),"") | D7: =IFERROR(OFFSET(Assign!$C$181,MATCH($B7,Assign!$F$181:$F$208,0)-1,0),"")
B8: 7 | C8: =IFERROR(OFFSET(Assign!$B$181,MATCH($B8,Assign!$F$181:$F$208,0)-1,0),"") | D8: =IFERROR(OFFSET(Assign!$C$181,MATCH($B8,Assign!$F$181:$F$208,0)-1,0),"")
B9: 8 | C9: =IFERROR(OFFSET(Assign!$B$181,MATCH($B9,Assign!$F$181:$F$208,0)-1,0),"") | D9: =IFERROR(OFFSET(Assign!$C$181,MATCH($B9,Assign!$F$181:$F$208,0)-1,0),"")
B10: 9 | C10: =IFERROR(OFFSET(Assign!$B$181,MATCH($B10,Assign!$F$181:$F$208,0)-1,0),"") | D10: =IFERROR(OFFSET(Assign!$C$181,MATCH($B10,Assign!$F$181:$F$208,0)-1,0),"")
B11: 10 | C11: =IFERROR(OFFSET(Assign!$B$181,MATCH($B11,Assign!$F$181:$F$208,0)-1,0),"") | D11: =IFERROR(OFFSET(Assign!$C$181,MATCH($B11,Assign!$F$181:$F$208,0)-1,0),"")
B12: 11 | C12: =IFERROR(OFFSET(Assign!$B$181,MATCH($B12,Assign!$F$181:$F$208,0)-1,0),"") | D12: =IFERROR(OFFSET(Assign!$C$181,MATCH($B12,Assign!$F$181:$F$208,0)-1,0),"")
B13: 12 | C13: =IFERROR(OFFSET(Assign!$B$181,MATCH($B13,Assign!$F$181:$F$208,0)-1,0),"") | D13: =IFERROR(OFFSET(Assign!$C$181,MATCH($B13,Assign!$F$181:$F$208,0)-1,0),"")
... B101: 100 | C101: =IFERROR(OFFSET(Assign!$B$181,MATCH($B101,Assign!$F$181:$F$208,0)-1,0),"") | D101: =IFERROR(OFFSET(Assign!$C$181,MATCH($B101,Assign!$F$181:$F$208,0)-1,0),"")

Sheet GPIO
B1: Index | C1: Pin | D1: Name | E1: Connect to | F1: Type | G1: Function Description
B2: 1 | C2: =IFERROR(OFFSET(Assign!$B$210,MATCH($B2,Assign!$F$210:$F$249,0)-1,0),"") -> 50 | D2: =IFERROR(OFFSET(Assign!$C$210,MATCH($B2,Assign!$F$210:$F$249,0)-1,0),"") -> GPIO13/ EPWM7_B/ CANB_RX/ EQEP1_INDEX/ SCIB_RX/ PMBUSA_ALERT/ FSIRXA_CLK | E2: GPIO_VAC_B_OK_P | F2: DO | G2: Input_OK signal
B3: 2 | C3: =IFERROR(OFFSET(Assign!$B$210,MATCH($B3,Assign!$F$210:$F$249,0)-1,0),"") -> 51 | D3: =IFERROR(OFFSET(Assign!$C$210,MATCH($B3,Assign!$F$210:$F$249,0)-1,0),"") -> GPIO12/ EPWM7_A/ CANB_TX/ EQEP1_STROBE/ SCIB_TX/ PMBUSA_CTL/ FSIRXA_D0 | E3: GPIO_PSKILL_P | F3: DI | G3: PSKILL signal
B4: 3 | C4: =IFERROR(OFFSET(Assign!$B$210,MATCH($B4,Assign!$F$210:$F$249,0)-1,0),"") -> 53 | D4: =IFERROR(OFFSET(Assign!$C$210,MATCH($B4,Assign!$F$210:$F$249,0)-1,0),"") -> GPIO33/ I2CA_SCL/ SPIB_STE/ OUTPUTXBAR4/ LINA_RX/ SD1_C3/ FSIRXA_CLK/ CANA_RX | E4: GPIO_DEBUG | F4: DO | G4: Heart beat LED / debug
B5: 4 | C5: =IFERROR(OFFSET(Assign!$B$210,MATCH($B5,Assign!$F$210:$F$249,0)-1,0),"") -> 57 | D5: =IFERROR(OFFSET(Assign!$C$210,MATCH($B5,Assign!$F$210:$F$249,0)-1,0),"") -> GPIO25/ OUTPUTXBAR2/ EQEP2_B/ SPIB_SOMI/ SD1_C1/ FSITXA_D1/ PMBUSA_SDA/ SCIA_RX | E5: GPIO_EN_PFC | F5: DO | G5: PFC drive enable signal
B6: 5 | C6: =IFERROR(OFFSET(Assign!$B$210,MATCH($B6,Assign!$F$210:$F$249,0)-1,0),"") -> 58 | D6: =IFERROR(OFFSET(Assign!$C$210,MATCH($B6,Assign!$F$210:$F$249,0)-1,0),"") -> GPIO26/ OUTPUTXBAR3/ EQEP2_INDEX/ SPIB_CLK/ SD1_D2/ FSITXA_D0/ PMBUSA_CTL/ I2CA_SDA | E6: GPIO_EN_BB | F6: DO | G6: Baby Boost enable signal
B7: 6 | C7: =IFERROR(OFFSET(Assign!$B$210,MATCH($B7,Assign!$F$210:$F$249,0)-1,0),"") -> 90 | D7: =IFERROR(OFFSET(Assign!$C$210,MATCH($B7,Assign!$F$210:$F$249,0)-1,0),"") -> GPIO9/ EPWM5_B/ SCIB_TX/ OUTPUTXBAR6/ EQEP1_INDEX/ SCIA_RX/ SPIA_CLK/ FSITXA_D0 | E7: GPIO_SRVC_LED | F7: DO | G7: LED control signal
B8: 7 | C8: =IFERROR(OFFSET(Assign!$B$210,MATCH($B8,Assign!$F$210:$F$249,0)-1,0),"") -> 91 | D8: =IFERROR(OFFSET(Assign!$C$210,MATCH($B8,Assign!$F$210:$F$249,0)-1,0),"") -> GPIO39/ CANB_RX/ FSIRXA_CLK | E8: GPIO_O/P_LED | F8: DO | G8: LED control signal
B9: 8 | C9: =IFERROR(OFFSET(Assign!$B$210,MATCH($B9,Assign!$F$210:$F$249,0)-1,0),"") -> 92 | D9: =IFERROR(OFFSET(Assign!$C$210,MATCH($B9,Assign!$F$210:$F$249,0)-1,0),"") -> GPIO59/ OUTPUTXBAR2/ SPIB_STE/ SD1_C4/ LINA_RX/ CANB_RX/ EQEP1_INDEX | E9: GPIO_I/P_LED_Y | F9: DO | G9: LED control signal
B10: 9 | C10: =IFERROR(OFFSET(Assign!$B$210,MATCH($B10,Assign!$F$210:$F$249,0)-1,0),"") -> 94 | D10: =IFERROR(OFFSET(Assign!$C$210,MATCH($B10,Assign!$F$210:$F$249,0)-1,0),"") -> GPIO34/ OUTPUTXBAR1/ PMBUSA_SDA | E10: GPIO_I/P_LED_G | F10: DO | G10: LED control signal
B11: 10 | C11: =IFERROR(OFFSET(Assign!$B$210,MATCH($B11,Assign!$F$210:$F$249,0)-1,0),"") -> 95 | D11: =IFERROR(OFFSET(Assign!$C$210,MATCH($B11,Assign!$F$210:$F$249,0)-1,0),"") -> GPIO15/ EPWM8_B/ SCIB_RX/ OUTPUTXBAR4/ PMBUSA_SCL/ SPIB_STE/ EQEP2_B | E11: GPIO_FAN2_TACH | F11: CAP | G11: Capture1 for Fan2 speed detection
B12: 11 | C12: =IFERROR(OFFSET(Assign!$B$210,MATCH($B12,Assign!$F$210:$F$249,0)-1,0),"") -> 96 | D12: =IFERROR(OFFSET(Assign!$C$210,MATCH($B12,Assign!$F$210:$F$249,0)-1,0),"") -> GPIO14/ EPWM8_A/ SCIB_TX/ OUTPUTXBAR3/ PMBUSA_SDA/ SPIB_CLK/ EQEP2_A | E12: GPIO_FAN1_TACH | F12: CAP | G12: Capture2 for Fan1 speed detection
B13: 12 | C13: =IFERROR(OFFSET(Assign!$B$210,MATCH($B13,Assign!$F$210:$F$249,0)-1,0),"") -> 99 | D13: =IFERROR(OFFSET(Assign!$C$210,MATCH($B13,Assign!$F$210:$F$249,0)-1,0),"") -> GPIO31/ CANA_TX/ SPIB_SOMI/ OUTPUTXBAR8/ EQEP1_INDEX/ SD1_C4/ FSIRXA_D1 | E13: GPIO_RELAY_ON | F13: DO | G13: Relay control signal
B14: 13 | C14: =IFERROR(OFFSET(Assign!$B$210,MATCH($B14,Assign!$F$210:$F$249,0)-1,0),"") | D14: =IFERROR(OFFSET(Assign!$C$210,MATCH($B14,Assign!$F$210:$F$249,0)-1,0),"")
B15: 14 | C15: =IFERROR(OFFSET(Assign!$B$210,MATCH($B15,Assign!$F$210:$F$249,0)-1,0),"") | D15: =IFERROR(OFFSET(Assign!$C$210,MATCH($B15,Assign!$F$210:$F$249,0)-1,0),"")
B16: 15 | C16: =IFERROR(OFFSET(Assign!$B$210,MATCH($B16,Assign!$F$210:$F$249,0)-1,0),"") | D16: =IFERROR(OFFSET(Assign!$C$210,MATCH($B16,Assign!$F$210:$F$249,0)-1,0),"")
B17: 16 | C17: =IFERROR(OFFSET(Assign!$B$210,MATCH($B17,Assign!$F$210:$F$249,0)-1,0),"") | D17: =IFERROR(OFFSET(Assign!$C$210,MATCH($B17,Assign!$F$210:$F$249,0)-1,0),"")
B18: 17 | C18: =IFERROR(OFFSET(Assign!$B$210,MATCH($B18,Assign!$F$210:$F$249,0)-1,0),"") | D18: =IFERROR(OFFSET(Assign!$C$210,MATCH($B18,Assign!$F$210:$F$249,0)-1,0),"")
B19: 18 | C19: =IFERROR(OFFSET(Assign!$B$210,MATCH($B19,Assign!$F$210:$F$249,0)-1,0),"") | D19: =IFERROR(OFFSET(Assign!$C$210,MATCH($B19,Assign!$F$210:$F$249,0)-1,0),"")
B20: 19 | C20: =IFERROR(OFFSET(Assign!$B$210,MATCH($B20,Assign!$F$210:$F$249,0)-1,0),"") | D20: =IFERROR(OFFSET(Assign!$C$210,MATCH($B20,Assign!$F$210:$F$249,0)-1,0),"")
B21: 20 | C21: =IFERROR(OFFSET(Assign!$B$210,MATCH($B21,Assign!$F$210:$F$249,0)-1,0),"") | D21: =IFERROR(OFFSET(Assign!$C$210,MATCH($B21,Assign!$F$210:$F$249,0)-1,0),"")
B22: 21 | C22: =IFERROR(OFFSET(Assign!$B$210,MATCH($B22,Assign!$F$210:$F$249,0)-1,0),"") | D22: =IFERROR(OFFSET(Assign!$C$210,MATCH($B22,Assign!$F$210:$F$249,0)-1,0),"")
B23: 22 | C23: =IFERROR(OFFSET(Assign!$B$210,MATCH($B23,Assign!$F$210:$F$249,0)-1,0),"") | D23: =IFERROR(OFFSET(Assign!$C$210,MATCH($B23,Assign!$F$210:$F$249,0)-1,0),"")
B24: 23 | C24: =IFERROR(OFFSET(Assign!$B$210,MATCH($B24,Assign!$F$210:$F$249,0)-1,0),"") | D24: =IFERROR(OFFSET(Assign!$C$210,MATCH($B24,Assign!$F$210:$F$249,0)-1,0),"")
B25: 24 | C25: =IFERROR(OFFSET(Assign!$B$210,MATCH($B25,Assign!$F$210:$F$249,0)-1,0),"") | D25: =IFERROR(OFFSET(Assign!$C$210,MATCH($B25,Assign!$F$210:$F$249,0)-1,0),"")
... B101: 100 | C101: =IFERROR(OFFSET(Assign!$B$210,MATCH($B101,Assign!$F$210:$F$249,0)-1,0),"") | D101: =IFERROR(OFFSET(Assign!$C$210,MATCH($B101,Assign!$F$210:$F$249,0)-1,0),"")
